data;horario;n_da_ocorrencia;tipo_de_ocorrencia;km;trecho;sentido;tipo_de_acidente;automovel;bicicleta;caminhao;moto;onibus;outros;tracao_animal;transporte_de_cargas_especiais;trator_maquinas;utilitarios;ilesos;levemente_feridos;moderadamente_feridos;gravemente_feridos;mortos
30/07/2010;05:18:00;13;com vítima;539,9;BR-116/RS;Sul;Atropelamento de Animal;0;0;1;0;0;0;0;0;0;0;0;0;1;0;0
31/07/2010;12:19:00;39;com vítima;62;BR-392/RS;Norte;Abalr.Transversal;1;0;0;1;0;0;0;0;0;0;1;1;0;0;0
01/08/2010;20:19:00;95;sem vítima;522,8;BR-116/RS;Sul;Atropelamento de Animal;0;0;1;0;0;0;0;0;0;0;1;0;0;0;0
01/08/2010;21:26:00;99;sem vítima;551,1;BR-116/RS;Norte;Saída de Pista;1;0;1;0;0;0;0;0;0;0;4;0;0;0;0
02/08/2010;22:35:00;90;com vítima;420,3;BR-116/RS;Sul;Atropelamento com morte;2;0;0;0;0;0;0;0;0;0;1;1;0;1;0
02/08/2010;07:49:00;13;sem vítima;529,1;BR-116/RS;Norte;Colisão Traseira;0;0;1;0;0;0;0;0;0;0;1;0;0;0;0
02/08/2010;00:29:00;3;com vítima;529,6;BR-116/RS;Norte;Saída de Pista;1;0;1;0;0;0;0;0;0;0;1;0;0;1;0
02/08/2010;13:05:00;47;com vítima;583;BR-116/RS;Sul;Abalr.Transversal;1;0;1;0;0;0;0;0;0;0;1;1;0;0;0
03/08/2010;16:06:00;55;sem vítima;56;BR-392/RS;Sul;Colisão Traseira;1;0;0;0;0;0;0;0;0;0;2;0;0;0;0
03/08/2010;07:57:00;21;sem vítima;194;BR-392/RS;Sul;Saída de Pista;3;0;0;0;0;0;0;0;0;0;5;0;0;0;0
04/08/2010;19:06:00;87;com vítima;3,9;BR-392/RS;Norte;Abalr.Transversal;2;0;0;0;0;0;0;0;0;0;6;2;0;0;0
04/08/2010;07:54:00;19;sem vítima;524,3;BR-116/RS;Norte;Abalr.Transversal;1;0;0;0;0;0;0;0;0;0;1;0;0;0;0
05/08/2010;11:31:00;41;sem vítima;435,6;BR-116/RS;Norte;Colisão Traseira;2;0;0;0;0;0;0;0;0;0;4;0;0;0;0
05/08/2010;16:44:00;70;sem vítima;55,5;BR-392/RS;Sul;Colisão Traseira;1;0;0;0;0;0;0;0;0;0;1;0;0;0;0
05/08/2010;05:35:00;18;com vítima;117,1;BR-392/RS;Norte;Colisão com objeto Fixo;2;0;0;0;0;0;0;0;0;0;1;0;1;0;0
06/08/2010;07:51:00;21;com vítima;154,1;BR-293/RS;Norte;Saída de Pista;1;0;1;0;0;0;0;0;0;0;1;1;1;0;0
06/08/2010;17:28:00;78;com vítima;657;BR-116/RS;Sul;Abalr.Transversal;1;0;0;1;0;0;0;0;0;0;2;1;0;0;0
07/08/2010;02:19:00;13;sem vítima;400,8;BR-116/RS;Norte;Saída de Pista;1;0;0;0;0;0;0;0;0;0;1;0;0;0;0
07/08/2010;08:12:00;20;sem vítima;66,9;BR-392/RS;Sul;Abalr.Transversal;1;0;0;0;0;0;0;0;0;0;1;0;0;0;0
08/08/2010;19:57:00;80;com vítima;8,8;BR-392/RS;Sul;Abalr.Transversal;0;0;0;1;0;0;0;0;0;0;0;0;0;1;0
08/08/2010;20:32:00;83;com vítima;12,1;BR-392/RS;Norte;Colisão Traseira;1;0;0;0;0;0;0;0;0;0;1;3;1;0;0
08/08/2010;19:24:00;76;sem vítima;17;BR-392/RS;Sul;Colisão Traseira;1;0;0;0;0;0;0;0;0;0;1;0;0;0;0
08/08/2010;10:30:00;28;com vítima;64,1;BR-293/RS;Norte;Saída de Pista;2;0;0;0;0;0;0;0;0;0;0;4;0;2;0
08/08/2010;20:38:00;84;com vítima;99,7;BR-293/RS;Norte;Saída de Pista;2;0;0;0;0;0;0;0;0;0;1;2;0;0;0
08/08/2010;16:21:00;51;com vítima;66,9;BR-392/RS;Sul;Abalr.Transversal;1;0;0;1;0;0;0;0;0;0;1;1;0;0;0
09/08/2010;06:00:00;14;com vítima;9,5;BR-392/RS;Sul;Colisão Traseira;2;0;0;0;0;1;0;0;0;0;5;0;1;0;0
09/08/2010;16:23:00;70;sem vítima;36,9;BR-392/RS;Sul;Colisão Traseira;1;0;0;0;0;0;0;0;0;0;1;0;0;0;0
10/08/2010;02:16:00;5;com vítima;448;BR-116/RS;Sul;Saída de Pista;2;0;0;0;0;0;0;0;0;0;2;4;0;0;0
10/08/2010;19:17:00;95;com vítima;26,9;BR-392/RS;Norte;Tombamento;0;0;1;0;0;0;0;0;0;0;0;1;0;0;0
11/08/2010;08:31:00;22;com vítima;21,8;BR-293/RS;Norte;Colisão Traseira;2;0;0;0;0;0;0;0;0;0;3;2;0;0;0
11/08/2010;18:54:00;95;sem vítima;19,4;BR-392/RS;Norte;Abalr.Transversal;0;0;1;0;0;1;0;0;0;0;2;0;0;0;0
11/08/2010;15:51:00;72;com vítima;524,9;BR-116/RS;Sul;Tombamento;0;1;1;0;0;0;0;0;0;0;1;0;0;0;1
11/08/2010;00:06:00;1;sem vítima;97,4;BR-392/RS;Norte;Saída de Pista;0;0;1;0;0;0;0;0;0;0;1;0;0;0;0
11/08/2010;16:43:00;78;sem vítima;146,3;BR-392/RS;Sul;Saída de Pista;1;0;0;0;0;0;0;0;0;0;2;0;0;0;0
13/08/2010;22:17:00;88;sem vítima;526,5;BR-116/RS;Sul;Tombamento;0;0;1;0;0;0;0;0;0;0;1;0;0;0;0
15/08/2010;13:47:00;48;sem vítima;428,1;BR-116/RS;Sul;Abalr. Mesmo Sentido;2;0;0;0;0;0;0;0;0;0;4;0;0;0;0
15/08/2010;17:12:00;64;sem vítima;428,1;BR-116/RS;Sul;Abalr. Mesmo Sentido;0;0;0;0;0;1;0;0;0;0;1;0;0;0;0
15/08/2010;18:46:00;76;sem vítima;122,4;BR-392/RS;Norte;Colisão Frontal;1;0;0;0;0;1;0;0;0;0;4;0;0;0;0
16/08/2010;11:46:00;43;com vítima;1,6;BR-392/RS;Norte;Tombamento;1;0;0;0;0;0;0;0;0;0;0;1;0;0;0
16/08/2010;15:25:00;67;com vítima;445,2;BR-116/RS;Sul;Saída de Pista;3;0;0;0;0;0;0;0;0;0;2;0;0;2;1
16/08/2010;08:27:00;19;com vítima;18,3;BR-392/RS;Sul;Colisão Traseira;1;0;1;0;0;0;0;0;0;0;1;0;0;0;1
16/08/2010;02:36:00;6;com vítima;36,8;BR-392/RS;Norte;Atropelamento sem morte;0;0;0;1;0;0;0;0;0;0;0;1;1;0;0
17/08/2010;13:06:00;62;com vítima;18,4;BR-392/RS;Sul;Abalr.Transversal;1;0;1;0;0;0;0;0;0;0;3;1;0;0;0
17/08/2010;09:53:00;34;sem vítima;64,3;BR-392/RS;Sul;Abalr. Sentido Oposto;1;0;0;0;0;0;0;0;0;0;1;0;0;0;0
18/08/2010;16:21:00;78;sem vítima;483,7;BR-116/RS;Norte;Colisão Traseira;0;0;2;0;0;0;0;0;0;0;2;0;0;0;0
18/08/2010;08:36:00;26;com vítima;540;BR-116/RS;Sul;Colisão Traseira;1;0;1;0;0;0;0;0;0;0;4;2;0;0;0
19/08/2010;19:29:00;103;sem vítima;4,8;BR-392/RS;Norte;Abalr. Mesmo Sentido;1;0;0;0;0;0;0;0;0;0;2;0;0;0;0
19/08/2010;19:47:00;104;sem vítima;4,8;BR-392/RS;Norte;Tombamento;0;0;1;1;0;0;0;0;0;0;2;0;0;0;0
19/08/2010;18:39:00;95;sem vítima;451,3;BR-116/RS;Sul;Abalr.Transversal;1;0;1;0;0;0;0;0;0;0;2;0;0;0;0
19/08/2010;10:32:00;45;com vítima;33,9;BR-392/RS;Sul;Abalr. Mesmo Sentido;0;0;2;0;0;0;0;0;0;0;3;0;1;0;0
19/08/2010;11:25:00;51;sem vítima;75,8;BR-392/RS;Sul;Tombamento;1;0;0;0;0;0;0;0;0;0;1;0;0;0;0
19/08/2010;19:12:00;98;sem vítima;169,5;BR-293/RS;Norte;Colisão Traseira;1;0;0;0;0;0;0;0;0;0;1;0;0;0;0
20/08/2010;21:13:00;108;com vítima;507,1;BR-116/RS;Norte;Tombamento;1;0;1;0;0;0;0;0;0;0;1;0;0;1;0
21/08/2010;05:09:00;19;sem vítima;59,6;BR-392/RS;Norte;Saída de Pista;1;0;0;0;0;0;0;0;0;0;1;0;0;0;0
21/08/2010;12:43:00;55;com vítima;530,1;BR-116/RS;Norte;Abalr.Transversal;1;0;0;0;0;0;0;0;0;0;0;0;2;0;0
21/08/2010;17:40:00;77;com vítima;656,1;BR-116/RS;Sul;Abalr.Transversal;1;0;0;1;0;0;0;0;0;0;1;0;0;0;1
22/08/2010;13:19:00;60;sem vítima;471,5;BR-116/RS;Sul;Saída de Pista;2;0;0;0;0;0;0;0;0;0;2;0;0;0;0
23/08/2010;09:45:00;44;com vítima;18,4;BR-392/RS;Sul;Colisão Traseira;1;0;0;1;0;0;0;0;0;0;1;2;0;0;0
23/08/2010;09:34:00;41;sem vítima;99,5;BR-392/RS;Sul;Tombamento;2;0;0;0;0;0;0;0;0;0;5;0;0;0;0
25/08/2010;14:40:00;62;com vítima;475;BR-116/RS;Norte;Saída de Pista;1;0;0;0;0;0;0;0;0;0;0;3;0;0;0
25/08/2010;01:53:00;4;com vítima;45;BR-293/RS;Norte;Saída de Pista;1;0;0;0;0;0;0;0;0;0;0;1;0;0;0
25/08/2010;09:57:00;34;sem vítima;73,6;BR-293/RS;Norte;Abalr.Transversal;2;0;0;0;0;0;0;0;0;0;2;0;0;0;0
25/08/2010;14:38:00;61;sem vítima;54,5;BR-392/RS;Sul;Abalr. Mesmo Sentido;1;0;1;0;0;0;0;0;0;0;3;0;0;0;0
25/08/2010;14:34:00;60;com vítima;518;BR-116/RS;Sul;Abalr.Transversal;2;0;0;0;0;0;0;0;0;0;0;0;2;0;0
25/08/2010;13:06:00;55;sem vítima;607,9;BR-116/RS;Norte;Saída de Pista;1;0;0;0;0;0;0;0;0;0;2;0;0;0;0
26/08/2010;05:40:00;18;com vítima;40,1;BR-392/RS;Sul;Colisão Frontal;0;0;0;1;0;0;0;0;0;0;0;1;0;0;0
27/08/2010;11:10:00;51;sem vítima;0,3;BR-604/RS;Sul;Tombamento;2;0;0;0;0;1;0;0;0;0;3;0;0;0;0
28/08/2010;07:53:00;21;com vítima;14;BR-293/RS;Norte;Saída de Pista;0;0;1;0;0;0;0;0;0;0;1;1;0;0;0
28/08/2010;12:41:00;50;com vítima;57,5;BR-392/RS;Sul;Outros Tipos de Acidente;1;0;0;1;0;0;0;0;0;0;0;1;1;0;0
28/08/2010;12:25:00;49;sem vítima;78,2;BR-392/RS;Norte;Tombamento;2;0;0;0;0;0;0;0;0;0;5;0;0;0;0
29/08/2010;22:41:00;108;com vítima;404,6;BR-116/RS;Norte;Saída de Pista;1;0;0;0;0;0;0;0;0;0;0;0;1;0;0
29/08/2010;04:43:00;21;com vítima;5,1;BR-392/RS;Norte;Colisão Traseira;1;0;0;0;0;0;0;0;0;0;1;0;1;0;0
29/08/2010;15:56:00;66;com vítima;20,8;BR-293/RS;Norte;Saída de Pista;0;0;1;1;0;0;0;0;0;0;1;1;0;0;0
29/08/2010;09:48:00;37;sem vítima;61,1;BR-392/RS;Sul;Saída de Pista;1;0;0;0;0;0;0;0;0;0;4;0;0;0;0
30/08/2010;16:17:00;59;sem vítima;515,5;BR-116/RS;Norte;Abalr.Transversal;1;0;0;0;0;0;0;0;0;0;1;0;0;0;0
30/08/2010;23:54:00;93;sem vítima;526,4;BR-116/RS;Sul;Saída de Pista;0;0;3;0;0;0;0;0;0;0;3;0;0;0;0
30/08/2010;09:42:00;29;com vítima;87,6;BR-392/RS;Norte;Abalr.Transversal;1;0;0;0;0;0;0;0;0;0;0;1;2;0;0
30/08/2010;09:45:00;30;com vítima;187,1;BR-392/RS;Norte;Saída de Pista;1;0;0;0;0;0;0;0;0;0;0;0;1;0;0
31/08/2010;01:54:00;6;sem vítima;18,2;BR-392/RS;Sul;Abalr.Transversal;0;0;1;0;0;0;0;0;0;0;1;0;0;0;0
31/08/2010;21:32:00;100;com vítima;47,3;BR-392/RS;Norte;Saída de Pista;0;0;2;0;0;0;0;0;0;0;0;0;1;0;1
31/08/2010;03:29:00;8;com vítima;513,1;BR-116/RS;Norte;Saída de Pista;1;0;0;0;0;0;0;0;0;0;0;1;0;0;0
31/08/2010;19:25:00;92;com vítima;137,2;BR-293/RS;Norte;Abalr.Transversal;1;0;0;0;0;0;0;0;0;0;0;1;0;0;0
01/09/2010;13:33:00;47;com vítima;73,1;BR-392/RS;Sul;Saída de Pista;1;0;0;0;0;0;0;0;0;0;0;0;1;0;0
01/09/2010;12:14:00;41;com vítima;524,7;BR-116/RS;Norte;Outros tipos de acidente;1;0;0;0;0;0;0;0;0;0;1;0;0;0;1
01/09/2010;12:17:00;42;com vítima;582,9;BR-116/RS;Norte;Saída de Pista;1;0;0;0;0;0;0;0;0;0;2;2;0;0;0
02/09/2010;22:26:00;97;sem vítima;6,5;BR-392/RS;Norte;Colisão com Objeto fixo;1;0;1;0;0;0;0;0;0;0;2;0;0;0;0
02/09/2010;12:44:00;49;sem vítima;67;BR-392/RS;Sul;Abalr.Transversal;1;0;0;0;1;0;0;0;0;0;26;0;0;0;0
02/09/2010;13:56:00;55;com vítima;528,4;BR-116/RS;Norte;Abalr.Transversal;1;0;0;1;0;0;0;0;0;0;4;1;0;0;0
02/09/2010;15:07:00;59;com vítima;193,6;BR-392/RS;Norte;Outros tipos de acidente;0;0;0;1;1;0;0;0;0;0;1;1;0;0;0
03/09/2010;15:11:00;67;com vítima;494,1;BR-116/RS;Sul;Saída de Pista;1;0;0;0;0;0;0;0;0;0;0;2;0;0;0
03/09/2010;19:18:00;100;com vítima;99,5;BR-392/RS;Sul;Tombamento;0;0;0;1;0;0;0;0;0;0;0;2;0;0;0
03/09/2010;22:09:00;105;com vítima;103,3;BR-392/RS;Sul;Saída de Pista;3;0;1;0;0;0;0;0;0;0;4;0;1;0;0
04/09/2010;17:49:00;79;sem vítima;506,1;BR-116/RS;Norte;Abal. Sentido Oposto;1;0;0;0;0;0;0;0;0;0;1;0;0;0;0
04/09/2010;15:16:00;67;com vítima;603;BR-116/RS;Sul;Colisão Frontal;2;0;0;0;0;0;0;0;0;0;2;1;0;0;0
05/09/2010;10:30:00;28;com vítima;523,5;BR-116/RS;Sul;Abalr.Transversal;2;0;0;0;0;0;0;0;0;0;0;2;0;0;0
05/09/2010;05:42:00;15;sem vítima;651,6;BR-116/RS;Norte;Saída de Pista;0;0;1;0;0;0;0;0;0;0;1;0;0;0;0
06/09/2010;09:51:00;25;com vítima;469,8;BR-116/RS;Sul;Colisão Traseira;0;0;1;0;0;0;0;0;0;0;0;2;0;0;0
06/09/2010;19:05:00;74;com vítima;518,2;BR-116/RS;Sul;Atropelamento;1;0;0;0;0;0;0;0;0;0;0;1;1;1;0
07/09/2010;20:47:00;97;com vítima;11,3;BR-293/RS;Norte;Tombamento;0;0;0;1;0;0;0;0;0;0;0;1;0;0;0
07/09/2010;19:02:00;89;com vítima;111,8;BR-392/RS;Sul;Colisão Traseira;1;0;0;0;0;0;0;0;0;0;0;1;0;0;0
07/09/2010;02:22:00;6;com vítima;194,2;BR-392/RS;Sul;Outros tipos de acidente;1;0;0;0;0;0;0;0;0;0;0;2;0;0;0
08/09/2010;16:23:00;76;sem vítima;21,9;BR-392/RS;Sul;Colisão Traseira;1;0;0;0;0;0;0;0;0;0;3;0;0;0;0
08/09/2010;07:13:00;16;com vítima;468,4;BR-116/RS;Norte;Saída de Pista;1;0;1;0;0;0;0;0;0;0;1;1;0;0;0
08/09/2010;19:28:00;96;com vítima;66,9;BR-392/RS;Sul;Abalr.Transversal;1;0;0;1;0;0;0;0;0;0;1;1;0;0;0
08/09/2010;10:26:00;34;sem vítima;134,2;BR-293/RS;Norte;Saída de Pista;1;0;0;0;0;0;0;0;0;0;1;0;0;0;0
09/09/2010;17:50:00;83;sem vítima;472,4;BR-116/RS;Sul;Colisão Traseira;1;0;0;0;0;0;0;0;0;0;2;0;0;0;0
09/09/2010;19:48:00;97;com vítima;81,6;BR-392/RS;Norte;Colisão Frontal;1;0;0;0;0;0;0;0;0;0;0;1;0;0;0
10/09/2010;19:05:00;98;sem vítima;59,8;BR-392/RS;Norte;Colisão Traseira;0;0;2;0;0;0;0;0;0;0;2;0;0;0;0
10/09/2010;22:21:00;113;com vítima;521;BR-116/RS;Norte;Abalr.Transversal;0;0;0;1;0;0;0;0;0;0;0;0;1;0;0
10/09/2010;19:21:00;100;sem vítima;529,2;BR-116/RS;Norte;Abalr.Transversal;1;0;0;0;0;0;0;0;0;0;3;0;0;0;0
10/09/2010;19:19:00;99;com vítima;582,2;BR-116/RS;Sul;Colisão com Objeto fixo;1;0;0;1;0;0;0;0;0;0;1;1;0;0;0
11/09/2010;17:34:00;65;sem vítima;530,2;BR-116/RS;Sul;Abalr.Transversal;0;0;1;0;0;0;0;0;0;0;1;0;0;0;0
11/09/2010;08:43:00;111;com vítima;600,3;BR-116/RS;Sul;Saída de Pista;1;0;0;0;0;0;0;0;0;0;0;0;1;0;0
12/09/2010;04:54:00;9;com vítima;19,9;BR-392/RS;Norte;Abalr. Mesmo Sentido;1;0;0;0;0;0;0;0;0;0;0;2;0;0;0
12/09/2010;16:43:00;49;sem vítima;40;BR-392/RS;Sul;Saída de Pista;2;0;0;0;0;0;0;0;0;0;3;0;0;0;0
12/09/2010;15:10:00;40;sem vítima;42,3;BR-392/RS;Sul;Abalr. Mesmo Sentido;1;0;1;0;0;0;0;0;0;0;2;0;0;0;0
12/09/2010;23:42:00;87;com vítima;525,9;BR-116/RS;Sul;Saída de Pista;0;0;1;1;0;0;0;0;0;0;1;1;0;0;0
13/09/2010;01:48:00;6;com vítima;61,9;BR-392/RS;Sul;Saída de Pista;1;0;0;1;0;0;0;0;0;0;1;2;0;0;0
13/09/2010;13:40:00;47;com vítima;121,6;BR-392/RS;Norte;Saída de Pista;2;0;0;0;0;0;0;0;0;0;2;1;0;0;0
14/09/2010;13:18:00;72;com vítima;523,5;BR-116/RS;Norte;Saída de Pista;1;1;0;0;0;0;0;0;0;0;1;0;1;0;0
14/09/2010;14:45:00;85;com vítima;524,7;BR-116/RS;Norte;Atropelamento;1;0;0;0;0;0;0;0;0;0;0;0;1;0;0
15/09/2010;14:48:00;77;sem vítima;561,8;BR-116/RS;Sul;Outros tipos de acidente;2;0;0;0;0;0;0;0;0;0;3;0;0;0;0
16/09/2010;06:27:00;18;com vítima;66,9;BR-392/RS;Sul;Saída de Pista;1;0;0;1;0;0;0;0;0;0;1;0;1;0;0
16/09/2010;14:43:00;79;com vítima;531,7;BR-116/RS;Sul;Saída de Pista;0;0;0;1;0;0;0;0;0;0;1;1;0;0;0
17/09/2010;18:08:00;82;sem vítima;419,5;BR-116/RS;Norte;Outros tipos de acidente;0;0;1;0;0;0;0;0;0;0;1;0;0;0;0
17/09/2010;02:47:00;10;com vítima;39,1;BR-392/RS;Sul;Saída de Pista;0;0;1;0;0;0;0;0;0;0;0;0;1;0;0
17/09/2010;13:33:00;60;sem vítima;66,9;BR-392/RS;Norte;Abalr.Transversal;0;0;1;0;0;0;0;0;0;0;1;0;0;0;0
17/09/2010;20:01:00;94;com vítima;77,4;BR-392/RS;Norte;Atropelamento de Animal;1;0;0;0;0;0;0;0;0;0;1;1;1;0;0
17/09/2010;15:17:00;68;sem vítima;530,1;BR-116/RS;Norte;Abalr.Transversal;0;0;2;0;0;0;0;0;0;0;2;0;0;0;0
17/09/2010;21:42:00;101;com vítima;599,8;BR-116/RS;Sul;capotamento;0;0;0;1;0;0;0;0;0;0;0;1;0;0;0
18/09/2010;06:54:00;16;com vítima;18;BR-392/RS;Sul;Abalr.Transversal;1;0;0;1;0;0;0;0;0;0;2;1;1;0;0
19/09/2010;22:33:00;97;com vítima;76,8;BR-392/RS;Sul;Atropelamento de Animal;2;0;1;0;0;0;0;0;0;0;2;0;2;0;1
19/09/2010;15:38:00;63;sem vítima;117;BR-392/RS;Norte;Tombamento;2;0;0;0;0;1;0;0;0;0;3;0;0;0;0
20/09/2010;08:37:00;21;com vítima;426,7;BR-116/RS;Sul;Saída de Pista;1;0;0;0;0;0;0;0;0;0;0;1;0;0;0
20/09/2010;20:04:00;95;sem vítima;28,2;BR-392/RS;Sul;Atropelamento de Animal;2;0;0;0;0;1;0;0;0;0;3;0;0;0;0
20/09/2010;19:39:00;87;com vítima;481,7;BR-116/RS;Sul;Abalr.Transversal;2;0;0;0;0;0;0;0;0;0;0;0;1;0;2
20/09/2010;15:05:00;50;com vítima;62,5;BR-293/RS;Norte;Colisão com objeto Fixo;1;0;0;1;0;0;0;0;0;0;0;0;3;0;0
20/09/2010;07:38:00;15;com vítima;58,9;BR-392/RS;Norte;Colisão Traseira;1;0;0;1;0;0;0;0;0;0;1;1;0;0;0
20/09/2010;08:19:00;17;sem vítima;520,5;BR-116/RS;Sul;Colisão Traseira;1;0;1;0;0;0;0;0;0;0;3;0;0;0;0
20/09/2010;17:05:00;62;com vítima;102,7;BR-392/RS;Sul;Abalr.Transversal;0;0;0;1;0;0;0;0;0;0;0;1;0;0;0
20/09/2010;20:10:00;96;sem vítima;198,8;BR-392/RS;Sul;Tombamento;1;0;0;0;0;0;0;0;0;0;1;0;0;0;0
21/09/2010;15:49:00;61;com vítima;475,2;BR-116/RS;Norte;Colisão Traseira;1;0;0;1;0;0;0;0;0;0;2;1;0;0;0
21/09/2010;09:23:00;23;com vítima;482,3;BR-116/RS;Norte;Colisão Traseira;1;1;0;0;0;0;0;0;0;0;3;0;0;0;1
21/09/2010;23:40:00;111;com vítima;495;BR-116/RS;Norte;Colisão Traseira;1;0;0;1;0;0;0;0;0;0;2;1;1;0;0
21/09/2010;12:50:00;44;sem vítima;52,7;BR-392/RS;Sul;Saída de Pista;1;0;0;0;0;0;0;0;0;0;2;0;0;0;0
22/09/2010;14:23:00;66;com vítima;421,4;BR-116/RS;Norte;Colisão Traseira;0;0;0;2;0;0;0;0;0;0;1;1;0;0;0
22/09/2010;21:52:00;101;sem vítima;430,3;BR-116/RS;Norte;Colisão com objeto Fixo;1;0;0;0;0;0;0;0;0;0;2;0;0;0;0
22/09/2010;11:26:00;39;com vítima;511;BR-116/RS;Sul;Outros tipos de acidente;0;0;1;1;0;0;0;0;0;0;1;1;1;0;0
22/09/2010;15:19:00;73;com vítima;67,1;BR-392/RS;Sul;Saída de Pista;0;0;0;1;0;0;0;0;0;0;0;0;1;0;0
23/09/2010;11:12:00;37;com vítima;422,6;BR-116/RS;Sul;Colisão Traseira;1;0;0;0;0;0;0;0;0;0;1;1;0;0;0
23/09/2010;15:43:00;65;com vítima;25,4;BR-392/RS;Norte;Saída de Pista;1;0;1;0;0;0;0;0;0;0;1;0;1;0;0
23/09/2010;00:53:00;19;com vítima;481,2;BR-116/RS;Norte;Atropelamento de Animal;2;0;0;0;0;0;0;0;0;0;0;2;0;0;0
23/09/2010;00:42:00;2;com vítima;32;BR-392/RS;Norte;Colisão Traseira;1;0;0;0;0;0;0;0;0;0;1;2;0;0;0
24/09/2010;14:28:00;66;com vítima;409,8;BR-116/RS;Sul;Saída de Pista;1;0;0;0;0;0;0;0;0;;0;1;0;0;0
24/09/2010;19:13:00;98;sem vítima;172,2;BR-293/RS;Norte;Saída de Pista;1;0;0;0;0;0;0;0;0;0;2;0;0;0;0
25/09/2010;11:06:00;53;com vítima;70,5;BR-293/RS;Norte;Colisão Traseira;1;0;0;1;0;0;0;0;0;0;2;1;0;0;0
26/09/2010;14:38:00;51;com vítima;524;BR-116/RS;Norte;Colisão Traseira;0;0;2;0;0;0;0;0;0;0;1;0;0;1;0
27/09/2010;23:09:00;107;com vítima;4,8;BR-392/RS;Norte;Abalr.Transversal;1;0;0;0;0;0;0;0;0;0;0;0;4;0;0
28/09/2010;14:41:00;65;com vítima;487,4;BR-116/RS;Norte;Saída de Pista;1;0;1;0;0;0;0;0;0;0;1;0;2;0;0
28/09/2010;14:39:00;64;sem vítima;524,3;BR-116/RS;Sul;Tombamento;0;0;2;0;0;0;0;0;0;0;3;0;0;0;0
30/09/2010;00:46:00;4;sem vítima;33,8;BR-293/RS;Norte;Saída de Pista;3;0;1;0;0;0;0;0;0;0;9;0;0;0;0
30/09/2010;14:00:00;68;sem vítima;490,4;BR-116/RS;Sul;Outros tipos de acidente;0;0;1;0;0;0;0;0;0;0;1;0;0;0;0
30/09/2010;14:00:00;77;com vítima;490,4;BR-116/RS;Sul;Abalr.Transversal;0;0;0;1;0;0;0;0;0;0;0;1;0;0;0
30/09/2010;22:22:00;106;com vítima;125,7;BR-392/RS;Sul;Colisão Traseira;0;0;1;0;0;0;0;0;0;0;1;1;0;0;0
30/09/2010;07:22:00;20;sem vítima;198,8;BR-392/RS;Sul;Saída de Pista;1;0;0;1;0;0;0;0;0;0;4;0;0;0;0
01/10/2010;13:12:00;57;sem vítima;494,3;BR-116/RS;Norte;Abalroamento Sentido Oposto;1;0;0;0;0;0;0;0;0;0;1;0;0;0;0
01/10/2010;12:40:00;55;com vítima;54,8;BR-392/RS;Norte;Abalroamento Mesmo Sentido;0;0;0;1;0;0;0;0;0;0;0;1;0;0;0
01/10/2010;19:17:00;94;sem vítima;595;BR-116/RS;Norte;Atropelamento de Animal;1;0;0;0;0;0;0;0;0;0;1;0;0;0;0
01/10/2010;13:29:00;58;com vítima;639,4;BR-116/RS;Norte;Capotamento;1;0;1;0;0;0;0;0;0;0;1;1;0;1;0
02/10/2010;18:14:00;70;sem vítima;563,4;BR-116/RS;Norte;Abalroamento Transversal;1;0;1;0;0;0;0;0;0;0;5;0;0;0;0
02/10/2010;20:11:00;78;com vítima;594,1;BR-116/RS;Norte;Saída de Pista;1;0;3;0;0;0;0;0;0;0;4;1;1;0;0
03/10/2010;21:29:00;86;com vítima;427,5;BR-116/RS;Sul;Abalroamento Transversal;2;0;0;0;0;0;0;0;0;0;3;1;0;0;0
03/10/2010;17:55:00;65;sem vítima;27;BR-392/RS;Sul;Tombamento;1;0;0;0;0;0;0;0;0;0;3;0;0;0;0
05/10/2010;13:34:00;57;com vítima;401,2;BR-116/RS;Norte;Abalroamento Mesmo Sentido;3;0;0;0;0;0;0;0;0;0;0;7;2;0;0
05/10/2010;12:58:00;51;com vítima;523,8;BR-116/RS;Norte;Tombamento;0;0;1;0;0;0;0;0;0;0;0;0;0;0;1
05/10/2010;12:18:00;48;com vítima;530,1;BR-116/RS;Norte;Outros Tipos de Acidente;1;0;0;1;0;0;;;;;2;1;0;0;1
05/10/2010;00:28:00;2;sem vítima;117,8;BR-392/RS;Sul;Atropelamento;2;0;0;0;0;0;;;;;4;0;0;0;0
06/10/2010;22:53:00;89;sem vítima;1,2;BR-392/RS;Sul;Abalroamento Transversal;1;0;0;0;0;0;;;;;2;0;0;0;0
06/10/2010;20:41:00;83;com vítima;19,1;BR-392/RS;Sul;Colisão Frontal;1;0;0;1;0;0;;;;;4;2;0;0;0
06/10/2010;10:42:00;29;com vítima;84,3;BR-392/RS;Norte;Abalroamento Mesmo Sentido;0;0;0;1;0;0;;;;;0;1;0;0;0
07/10/2010;10:34:00;27;com vítima;4,3;BR-392/RS;Sul;Outros Tipos de Acidente;1;0;0;0;0;0;;;;;4;1;0;0;0
07/10/2010;20:56:00;84;com vítima;443,4;BR-116/RS;Sul;Saída de Pista;4;0;0;0;0;0;;;;;9;0;1;0;0
07/10/2010;06:40:00;13;com vítima;443,7;BR-116/RS;Norte;Abalroamento Sentido Oposto;1;0;0;1;0;0;;;;;5;1;1;0;0
07/10/2010;06:29:00;12;sem vítima;450,8;BR-116/RS;Norte;Colisão Frontal;0;0;1;0;0;0;;;;;2;0;0;0;0