data;horario;n_da_ocorrencia;tipo_de_ocorrencia;km;trecho;sentido;tipo_de_acidente;automovel;bicicleta;caminhao;moto;onibus;outros;tracao_animal;transporte_de_cargas_especiais;trator_maquinas;utilitarios;ilesos;levemente_feridos;moderadamente_feridos;gravemente_feridos;mortos
13/07/2011;19:39:00;87;com vítima;43,8;BR-392/RS;Norte;Atropelamento;0;0;1;0;0;0;;;;;1;0;1;0;0
13/07/2011;18:02:00;81;sem vítima;523,6;BR-116/RS;Norte;Abalroamento transversal;1;0;0;0;0;0;;;;;1;0;0;0;0
14/07/2011;22:44:00;109;com vítima;429,4;BR-116/RS;Sul;Saida de pista;1;0;0;1;0;0;;;;;1;1;0;0;0
14/07/2011;21:23:00;105;com vítima;17;BR-392/RS;Sul;Colisão Traseira;1;0;0;0;0;0;;;;;0;1;0;0;0
14/07/2011;12:49:00;48;sem vítima;54,3;BR-392/RS;Norte;Abalroamento Sentido Oposto;2;0;0;0;0;0;;;;;2;0;0;0;0
14/07/2011;23:28:00;110;com vítima;197,7;BR-392/RS;Sul;Saida de pista;1;0;0;0;0;0;;;;;0;0;1;0;1
15/07/2011;02:34:00;9;com vítima;5,5;BR-392/RS;Norte;Capotamento;1;0;0;0;0;0;;;;;0;2;0;0;0
16/07/2011;06:43:00;15;sem vítima;11,3;BR-293/RS;Norte;Tombamento;1;0;0;0;1;0;;;;;8;0;0;0;0
16/07/2011;00:49:00;2;com vítima;62,1;BR-392/RS;Sul;Saida de pista;0;0;0;1;0;0;;;;;0;0;0;1;0
16/07/2011;16:09:00;57;sem vítima;526,4;BR-116/RS;Norte;Saida de pista;2;0;0;0;0;0;;;;;2;0;0;0;0
16/07/2011;07:29:00;18;sem vítima;645,2;BR-116/RS;Sul;Saida de pista;1;0;0;1;0;0;;;;;2;0;0;0;0
18/07/2011;22:42:00;90;com vítima;12,2;BR-392/RS;Sul;Abalroamento transversal;1;0;4;0;0;0;;;;;2;0;1;0;1
18/07/2011;13:58:00;52;sem vítima;85,5;BR-392/RS;Sul;Abalr. Sentido Oposto;1;0;0;0;0;0;;;;;2;0;0;0;0
18/07/2011;01:35:00;3;sem vítima;104,8;BR-392/RS;Norte;Saida de pista;1;0;2;0;0;0;;;;;2;0;0;0;0
19/07/2011;12:07:00;45;sem vítima;15;BR-293/RS;Norte;Saida de pista;3;0;0;0;0;0;;;;;5;0;0;0;0
19/07/2011;10:43:00;35;com vítima;87,8;BR-392/RS;Sul;Saida de pista;0;0;0;1;1;0;;;;;22;1;0;0;0
20/07/2011;15:01:00;67;com vítima;5,2;BR-392/RS;Sul;Abalroamento transversal;1;0;1;0;0;0;;;;;1;5;0;0;0
20/07/2011;17:49:00;79;com vítima;64;BR-392/RS;Sul;Saida de pista;0;0;4;0;0;0;;;;;1;1;0;0;0
21/07/2011;07:23:00;20;com vítima;6,2;BR-392/RS;Sul;Abalroamento transversal;1;0;1;0;0;0;;;;;1;2;0;0;0
21/07/2011;20:41:00;84;com vítima;31;BR-392/RS;Norte;Colisão Traseira;2;0;0;0;0;0;;;;;3;2;1;0;0
21/07/2011;13:35:00;55;com vítima;72,4;BR-392/RS;Sul;Atropelamento de Animal ;1;0;0;0;0;0;;;;;0;1;0;0;0
22/07/2011;19:16:00;72;com vítima;414;BR-116/RS;Sul;Atropelamento de Animal;1;0;0;1;0;0;;;;;5;1;0;0;0
22/07/2011;10:56:00;19;sem vítima;419,7;BR-116/RS;Sul;Capotamento;0;0;2;0;0;0;;;;;2;0;0;0;0
22/07/2011;07:37:00;10;sem vítima;5,8;BR-392/RS;Sul;Abalroamento Sentido Oposto;0;0;2;0;0;0;;;;;1;0;0;0;0
22/07/2011;06:55:00;8;com vítima;7;BR-392/RS;Sul;Abalroamento transversal;1;0;1;0;0;0;;;;;1;1;0;0;0
22/07/2011;19:08:00;71;sem vítima;80,4;BR-293/RS;Norte;Atropelamento de Animal ;0;0;2;0;0;0;;;;;1;0;0;0;0
22/07/2011;18:25:00;65;com vítima;64,2;BR-392/RS;Sul;Tombamento;2;0;2;0;0;0;;;;;1;1;2;0;0
23/07/2011;06:15:00;14;sem vítima;2,5;BR-392/RS;Norte;Saida de pista;0;0;1;0;0;0;;;;;3;0;0;0;0
23/07/2011;05:00:00;13;com vítima;411;BR-116/RS;Sul;Saida de pista;0;0;0;1;0;0;;;;;1;0;1;0;0
23/07/2011;11:24:00;37;sem vítima;66,9;BR-392/RS;Sul;Abalroamento transversal;1;0;0;0;0;0;;;;;1;0;0;0;0
24/07/2011;20:42:00;77;com vítima;513,8;BR-116/RS;Sul;Colisão frontal;1;0;0;1;0;0;;;;;2;2;0;0;0
25/07/2011;19:05:00;92;sem vítima;94,9;BR-293/RS;Norte;Saida de pista;1;0;0;0;0;0;;;;;4;0;0;0;0
25/07/2011;18:36:00;86;com vítima;613,4;BR-116/RS;Norte;Colisão Traseira;0;0;0;1;0;0;;;;;1;0;1;0;0
26/07/2011;13:15:00;41;sem vítima;404,3;BR-116/RS;Sul;Saida de pista;2;0;0;0;0;0;;;;;2;0;0;0;0
26/07/2011;07:57:00;14;sem vítima;428;BR-116/RS;Sul;Colisão com objeto Fixo;2;0;0;0;0;0;;;;;7;0;0;0;0
26/07/2011;07:15:00;12;sem vítima;485,7;BR-116/RS;Sul;Colisão Traseira;2;0;0;0;0;0;;;;;2;0;0;0;0
26/07/2011;10:45:00;28;com vítima;40,9;BR-392/RS;Sul;Capotamento;1;0;0;0;0;0;;;;;0;0;1;0;0
26/07/2011;19:04:00;77;com vítima;73;BR-392/RS;Sul;Atropelamento de Animal ;0;0;1;0;0;0;;;;;1;0;0;1;0
26/07/2011;14:39:00;47;com vítima;523,9;BR-116/RS;Sul;Colisão Traseira;0;0;2;1;0;0;;;;;1;0;0;0;1
26/07/2011;08:44:00;18;com vítima;123,9;BR-392/RS;Sul;Saida de pista;1;0;0;0;0;0;;;;;0;1;0;0;0
27/07/2011;18:32:00;101;sem vítima;34,1;BR-392/RS;Norte;Atropelamento de Animal;1;0;0;0;0;0;;;;;2;0;0;0;0
28/07/2011;09:05:00;19;sem vítima;421,8;BR-116/RS;Sul;Outros tipos de acidente;1;0;0;1;0;0;;;;;3;0;0;0;0
28/07/2011;20:03:00;75;sem vítima;48,8;BR-392/RS;Norte;Colisão Traseira;1;0;0;0;0;0;;;;;5;0;0;0;0
28/07/2011;12:49:00;43;sem vítima;52,3;BR-392/RS;Norte;Colisão com objeto fixo;1;0;1;0;0;0;;;;;3;0;0;0;0
28/07/2011;13:37:00;46;com vítima;72,4;BR-392/RS;Norte;Atropelamento de Animal ;0;0;0;1;0;0;;;;;0;0;1;0;0
29/07/2011;08:14:00;17;com vítima;403,7;BR-116/RS;Sul;Saida de pista;2;0;0;0;0;0;;;;;0;5;2;0;0
29/07/2011;12:15:00;44;com vítima;472;BR-116/RS;Norte;Saida de pista;1;0;0;1;0;0;;;;;1;1;0;0;0
29/07/2011;22:05:00;93;com vítima;513,4;BR-116/RS;Norte;Colisão Frontal;0;0;2;0;0;0;;;;;0;1;0;0;0
29/07/2011;21:14:00;89;com vítima;518,7;BR-116/RS;Norte;Abalroamento transversal;2;0;0;0;0;0;;;;;1;0;2;0;0
29/07/2011;18:46:00;71;sem vítima;162,4;BR-293/RS;Norte;Saida de pista;1;0;0;0;0;0;;;;;1;0;0;0;0
30/07/2011;05:33:00;12;com vítima;410,7;BR-116/RS;Sul;Saida de pista;1;0;0;0;0;0;;;;;0;1;0;0;0
30/07/2011;09:16:00;26;com vítima;34,7;BR-293/RS;Norte;Saida de pista;1;0;0;1;0;0;;;;;2;1;0;0;0
30/07/2011;14:20:00;48;sem vítima;563,4;BR-116/RS;Sul;Abalroamento Trarnversal;1;0;0;0;0;0;;;;;2;0;0;0;0
31/07/2011;19:05:00;73;sem vítima;50,1;BR-293/RS;Norte;Abalroamento Trarnversal;0;0;2;0;0;0;;;;;1;0;0;0;0
31/07/2011;18:24:00;66;com vítima;60,6;BR-293/RS;Norte;Colisão Traseira;2;0;0;0;0;0;;;;;4;0;2;0;0
31/07/2011;16:06:00;52;com vítima;94,2;BR-392/RS;Norte;Abalroamento Mesmo Sentido;0;0;1;0;0;0;;;;;0;0;0;0;1
31/07/2011;22:11:00;83;com vítima;583;BR-116/RS;Norte;Saida de pista;1;0;0;1;0;0;;;;;3;0;1;0;0
31/07/2011;18:33:00;69;com vítima;590,1;BR-116/RS;Norte;Saida de pista;0;0;6;0;0;0;;;;;2;1;0;0;0
02/08/2011;22:56:00;96;sem vítima;9,7;BR-392/RS;Sul;Colisão traseira;1;0;0;0;0;0;;;;;1;0;0;0;0
02/08/2011;09:09:00;27;com vítima;529,3;BR-116/RS;Sul;Abalr.Transversal;0;0;1;1;0;0;;;;;1;0;0;1;0
03/08/2011;10:36:00;36;sem vítima;92;BR-293/RS;Norte;Colisão traseira;0;0;1;0;1;0;;;;;2;0;0;0;0
03/08/2011;01:37:00;7;sem vítima;123,7;BR-293/RS;Norte;Atropelamento de animal;1;0;0;0;0;0;;;;;2;0;0;0;0
03/08/2011;16:03:00;66;com vítima;117,9;BR-392/RS;Sul;Abalr.Transversal;2;0;0;0;0;0;;;;;0;8;0;0;0
03/08/2011;13:50:00;58;sem vítima;611,7;BR-116/RS;Norte;Abalr.Transversal;1;0;0;0;0;0;;;;;1;0;0;0;0
04/08/2011;21:24:00;97;sem vítima;5,7;BR-392/RS;Norte;Colisão traseira;1;0;0;0;0;0;;;;;3;0;0;0;0
05/08/2011;16:25:00;81;com vítima;447,3;BR-116/RS;Norte;Colisão traseira;1;0;0;0;0;0;;;;;0;3;0;0;0
05/08/2011;15:31:00;77;com vítima;501,3;BR-116/RS;Norte;Abalr.Transversal;0;0;0;1;0;0;;;;;0;0;1;0;0
05/08/2011;19:25:00;104;com vítima;78,2;BR-392/RS;Norte;Atropelamento de animal;0;0;2;0;0;0;;;;;0;3;0;0;0
06/08/2011;07:10:00;13;com vítima;4,9;BR-392/RS;Norte;Colisão traseira;2;0;0;0;0;0;;;;;0;0;2;1;0
06/08/2011;08:04:00;18;sem vítima;4,9;BR-392/RS;Norte;Outros tipos de Acidente;0;0;2;0;0;0;;;;;1;0;0;0;0
06/08/2011;09:44:00;25;sem vítima;42,9;BR-293/RS;Norte;Saída de Pista;2;0;0;0;0;0;;;;;5;0;0;0;0
07/08/2011;07:05:00;14;com vítima;125,2;BR-293/RS;Norte;Capotamento;1;0;0;0;0;0;;;;;1;3;0;0;0
07/08/2011;19:49:00;69;com vítima;102,7;BR-392/RS;Norte;Abalr.Transversal;0;0;5;0;0;0;;;;;2;1;0;0;0
08/08/2011;12:48:00;48;com vítima;26;BR-293/RS;Norte;Colisão traseira;1;0;0;0;0;0;;;;;1;0;2;0;0
08/08/2011;10:50:00;32;sem vítima;92,6;BR-293/RS;Norte;Saída de Pista;2;0;0;0;0;0;;;;;2;0;0;0;0
08/08/2011;13:57:00;55;sem vítima;88,9;BR-392/RS;Sul;Abalr.Transversal;1;0;0;0;0;0;;;;;3;0;0;0;0
09/08/2011;10:43:00;31;com vítima;476,3;BR-116/RS;Sul;Saída de Pista;1;0;0;0;0;0;;;;;0;5;2;0;0
09/08/2011;07:52:00;18;com vítima;67,4;BR-392/RS;Sul;Saída de Pista;0;0;1;0;1;0;;;;;12;3;0;0;0
10/08/2011;19:30:00;107;com vítima;11,3;BR-293/RS;Norte;Tombamento;1;0;0;0;0;1;;;;;1;4;0;0;0
10/08/2011;08:09:00;27;com vítima;526,5;BR-116/RS;Sul;Abalr.Mesmo Sentido;1;0;0;1;0;0;;;;;2;0;1;0;0
11/08/2011;06:48:00;15;sem vítima;530,1;BR-116/RS;Norte;Abalr. Transversal;1;0;3;0;0;0;;;;;3;0;0;0;0
12/08/2011;18:51:00;102;sem vítima;1,4;BR-392/RS;Norte;Abalr. Transversal;1;0;0;0;0;0;;;;;1;0;0;0;0
12/08/2011;19:21:00;107;com vítima;32,4;BR-392/RS;Norte;Outros tipos de Acidente;1;0;0;0;0;0;;;;;1;4;0;0;0
12/08/2011;16:17:00;86;com vítima;41,4;BR-392/RS;Sul;Colisão traseira;1;0;0;0;0;0;;;;;0;2;1;0;0
12/08/2011;11:40:00;51;sem vítima;68,2;BR-293/RS;Norte;Abalr. Transversal;1;0;0;0;0;0;;;;;1;0;0;0;0
12/08/2011;00:22:00;3;com vítima;65,4;BR-392/RS;Sul;Abalr. Transversal;2;0;0;0;0;0;;;;;3;2;0;0;0
13/08/2011;05:11:00;18;sem vítima;77,3;BR-392/RS;Sul;Saída de Pista;0;0;2;0;0;0;;;;;1;0;0;0;0
13/08/2011;17:21:00;60;sem vítima;525,4;BR-116/RS;Norte;Abalr. Transversal;1;0;1;0;0;0;;;;;2;0;0;0;0
13/08/2011;07:12:00;23;sem vítima;194,7;BR-392/RS;Sul;Saída de Pista;1;0;1;0;0;0;;;;;4;0;0;0;0
14/08/2011;17:01:00;53;com vítima;525,4;BR-116/RS;Norte;Abalr. Transversal;1;0;1;0;1;0;;;;;2;0;1;0;0
15/08/2011;17:13:00;69;com vítima;8,9;BR-392/RS;Norte;Abalr. Transversal;0;0;2;0;1;0;;;;;38;2;0;0;0
15/08/2011;06:48:00;14;sem vítima;64;BR-293/RS;Norte;Saída de Pista;1;0;1;0;0;0;;;;;4;0;0;0;0
15/08/2011;13:25:00;54;com vítima;519,8;BR-116/RS;Sul;Saída de Pista;0;0;0;1;0;0;;;;;0;0;1;0;0
15/08/2011;15:36:00;62;com vítima;148,6;BR-392/RS;Norte;Abalr. Transversal;1;0;0;0;0;0;;;;;1;1;0;0;0
16/08/2011;16:01:00;67;com vítima;516,9;BR-116/RS;Norte;Abalr. Transversal;1;0;1;0;0;0;;;;;1;3;0;0;0
17/08/2011;07:28:00;15;com vítima;6,7;BR-392/RS;Sul;Abalr.Transversal;0;0;0;1;0;0;;;;;0;1;0;0;0
17/08/2011;02:55:00;8;com vítima;426,7;BR-116/RS;Sul;Atropelamento de animal;1;0;0;0;0;0;;;;;0;1;0;0;0
17/08/2011;18:15:00;83;com vítima;64,2;BR-392/RS;Norte;Tombamento;1;0;0;0;0;1;;;;;2;0;1;0;0
18/08/2011;08:13:00;18;sem vítima;8,8;BR-392/RS;Sul;Abalr.Mesmo Sentido;1;0;0;0;0;0;;;;;1;0;0;0;0
18/08/2011;21:22:00;85;com vítima;27,1;BR-392/RS;Sul;Saída de Pista;0;0;3;0;0;0;;;;;1;0;0;1;0
19/08/2011;13:19:00;60;sem vítima;4,8;BR-392/RS;Norte;Atropelamento;0;0;1;0;0;0;;;;;1;0;0;0;0
19/08/2011;17:37:00;80;com vítima;16,1;BR-392/RS;Norte;Saída de Pista;1;0;0;0;0;0;;;;;0;2;0;0;0
19/08/2011;09:34:00;33;com vítima;76,4;BR-392/RS;Sul;Saída de Pista;1;0;0;0;0;0;;;;;0;0;2;0;0
19/08/2011;00:00:00;1;sem vítima;527,8;BR-116/RS;Sul;Colisão traseira;2;0;0;0;0;0;;;;;6;0;0;0;0
19/08/2011;18:45:00;88;com vítima;530,5;BR-116/RS;Norte;Saída de Pista;0;0;0;1;0;0;;;;;0;1;0;0;0
19/08/2011;20:57:00;101;com vítima;568,4;BR-116/RS;Norte;Saída de Pista;1;0;0;0;0;0;;;;;2;1;0;0;0
20/08/2011;07:54:00;32;sem vítima;66,8;BR-392/RS;Norte;Saída de Pista;2;0;0;0;0;0;;;;;2;0;0;0;0
21/08/2011;12:29:00;35;sem vítima;30,1;BR-392/RS;Sul;Atropelamento de animal;2;0;0;0;0;0;;;;;5;0;0;0;0
21/08/2011;13:29:00;42;sem vítima;49,2;BR-392/RS;Norte;Saída de Pista;1;0;0;0;0;0;;;;;2;0;0;0;0
21/08/2011;19:02:00;75;sem vítima;613,1;BR-116/RS;Sul;Abalr. Transversal;2;0;0;0;0;0;;;;;3;0;0;0;0
22/08/2011;19:11:00;95;com vítima;8,9;BR-392/RS;Sul;Abalr. Transversal;1;0;0;0;0;0;;;;;0;1;0;0;0
22/08/2011;14:28:00;64;sem vítima;60,3;BR-392/RS;Norte;Colisão com objeto fixo;1;0;0;1;0;0;;;;;2;0;0;0;0
23/08/2011;09:48:00;28;com vítima;162,6;BR-293/RS;Norte;Saída de Pista;0;0;0;1;0;0;;;;;0;0;1;0;0
23/08/2011;18:17:00;83;com vítima;606,3;BR-116/RS;Sul;Saída de Pista;1;0;0;1;0;0;;;;;3;0;0;1;1
24/08/2011;08:31:00;19;com vítima;26;BR-392/RS;Norte;Colisão Frontal;1;0;0;0;0;0;;;;;0;1;0;0;0
24/08/2011;09:12:00;24;sem vítima;522,1;BR-116/RS;Sul;Colisão traseira;1;0;0;0;0;0;;;;;1;0;0;0;0
25/08/2011;07:21:00;15;sem vítima;8,5;BR-392/RS;Norte;abalr.mesmo Sentido;1;0;2;0;0;0;;;;;3;0;0;0;0
25/08/2011;17:45:00;82;sem vítima;428,7;BR-116/RS;Sul;Colisão traseira;2;0;2;0;0;0;;;;;6;0;0;0;0
25/08/2011;10:21:00;34;com vítima;75,8;BR-392/RS;Norte;Abalr.Transversal;1;0;0;0;1;0;;;;;1;0;0;1;0
25/08/2011;11:18:00;41;com vítima;125,5;BR-392/RS;Sul;Saída de Pista;0;0;2;0;0;0;;;;;0;0;0;1;0
26/08/2011;21:02:00;120;sem vítima;432,3;BR-116/RS;Norte;Saída de Pista;1;0;0;0;0;0;;;;;3;0;0;0;0
26/08/2011;10:16:00;42;com vítima;459,1;BR-116/RS;Norte;Colisão traseira;1;0;0;1;0;0;;;;;4;0;1;0;0
26/08/2011;09:49:00;36;com vítima;65,5;BR-392/RS;Sul;Colisão com objeto fixo;1;0;0;0;0;0;;;;;0;1;3;0;0
26/08/2011;10:41:00;43;com vítima;69,9;BR-392/RS;Sul;Abalr.Transversal;1;0;0;0;0;0;;;;;1;0;1;0;0
27/08/2011;06:53:00;24;sem vítima;6,5;BR-392/RS;Sul;Abalr. Transversal;1;0;0;0;0;0;;;;;2;0;0;0;0
27/08/2011;18:54:00;83;sem vítima;26,6;BR-392/RS;Norte;Saída de Pista;0;0;2;0;0;0;;;;;1;0;0;0;0
27/08/2011;10:27:00;38;sem vítima;52;BR-293/RS;Norte;Outros tipos de Acidente;2;0;0;0;0;0;;;;;10;0;0;0;0
27/08/2011;18:36:00;82;sem vítima;534;BR-116/RS;Norte;Colisão traseira;2;0;0;0;0;0;;;;;8;0;0;0;0
28/08/2011;23:52:00;106;com vítima;5,7;BR-392/RS;Norte;Abalr. Transversal;1;0;0;0;0;0;;;;;1;0;0;0;1
29/08/2011;04:05:00;13;com vítima;6,2;BR-392/RS;Norte;Colisão com objeto fixo;1;0;0;0;0;0;;;;;0;1;0;0;0
30/08/2011;07:52:00;12;com vítima;8,5;BR-392/RS;Sul;Colisão traseira;0;0;2;0;0;0;;;;;0;0;1;0;0
31/08/2011;17:47:00;89;sem vítima;12;BR-293/RS;Norte;Abalr. Mesmo Sentido;0;0;0;0;1;0;;;;;1;0;0;0;0
31/08/2011;00:47:00;1;sem vítima;521,1;BR-116/RS;Sul;Atropelamento de animal;1;0;2;0;0;0;;;;;3;0;0;0;0
31/08/2011;17:55:00;90;com vítima;4;BR-604/RS;Sul;Saída de Pista;1;0;0;0;0;0;;;;;0;3;1;1;0
31/08/2011;15:16:00;73;com vítima;524,4;BR-116/RS;Sul;Abalr. Transversal;1;0;0;0;0;0;;;;;0;1;1;0;0
01/09/2011;01:59:00;6;com vítima;19,2;BR-392/RS;Sul;Capotamento;1;0;0;1;0;0;;;;;0;2;0;0;0
02/09/2011;20:00:00;96;sem vítima;19,4;BR-392/RS;Norte;Atropelamento;1;0;0;0;0;0;;;;;1;0;0;0;0
02/09/2011;13:46:00;59;com vítima;513,7;BR-116/RS;Norte;Colisão Traseira;1;0;0;1;0;0;;;;;1;0;1;0;0
03/09/2011;14:17:00;55;com vítima;453,1;BR-116/RS;Sul;Saída de Pista;1;0;1;0;0;0;;;;;0;2;0;0;0
03/09/2011;07:13:00;16;com vítima;63,5;BR-392/RS;Sul;Saída de Pista;0;0;0;1;0;0;;;;;0;2;0;0;0
03/09/2011;08:26:00;18;com vítima;524,3;BR-116/RS;Norte;Tombamento;2;0;0;0;0;0;;;;;0;2;0;0;0
03/09/2011;08:10:00;17;sem vítima;524,4;BR-116/RS;Norte;Colisão com objeto fixo;2;0;0;0;0;0;;;;;3;0;0;0;0
03/09/2011;00:16:00;3;sem vítima;526,8;BR-116/RS;Sul;Saída de Pista;1;0;0;0;0;0;;;;;1;0;0;0;0
04/09/2011;16:21:00;58;com vítima;42;BR-392/RS;Sul;Atropelamento de animal;0;0;0;1;0;0;;;;;0;0;2;0;0
04/09/2011;05:20:00;15;com vítima;61,1;BR-392/RS;Sul;Saída de Pista;0;0;0;1;0;0;;;;;0;1;0;0;0
04/09/2011;21:13:00;87;sem vítima;172,4;BR-293/RS;Norte;Saída de Pista;2;0;0;0;0;0;;;;;4;0;0;0;0
05/09/2011;19:59:00;90;com vítima;17,3;BR-293/RS;Norte;Atropelamento de animal;1;0;0;0;0;0;;;;;0;1;1;0;0
05/09/2011;03:17:00;10;com vítima;89,5;BR-293/RS;Norte;Saída de Pista;0;0;0;1;0;0;;;;;0;0;2;0;0
05/09/2011;18:58:00;87;com vítima;66,4;BR-392/RS;Norte;Colisão Traseira;1;1;0;0;0;0;;;;;2;0;0;0;1
06/09/2011;22:40:00;90;com vítima;11,4;BR-392/RS;Norte;Colisão Traseira;0;0;2;1;0;0;;;;;3;1;0;0;0
07/09/2011;14:09:00;52;com vítima;8,9;BR-392/RS;Sul;Saída de Pista;0;0;2;0;0;1;;;;;1;1;0;0;0
07/09/2011;17:52:00;76;sem vítima;41,2;BR-293/RS;Norte;Tombamento;1;0;2;0;0;0;;;;;2;0;0;0;0
07/09/2011;23:09:00;103;com vítima;481,8;BR-116/RS;Sul;Tombamento;0;0;0;1;0;1;;;;;1;0;1;0;0
07/09/2011;19:05:00;87;sem vítima;71,3;BR-392/RS;Sul;Colisão Traseira;1;0;0;0;0;0;;;;;2;0;0;0;0
08/09/2011;08:18:00;22;com vítima;14;BR-293/RS;Norte;Atropelamento;1;0;0;1;0;0;;;;;1;1;0;0;0
08/09/2011;15:05:00;65;com vítima;0,8;BR-604/RS;Sul;Colisão Traseira;0;0;0;1;0;0;;;;;1;0;1;0;0
08/09/2011;16:06:00;75;sem vítima;482,6;BR-116/RS;Norte;Colisão Traseira;1;0;0;0;0;0;;;;;1;0;0;0;0
08/09/2011;21:37:00;103;com vítima;94;BR-392/RS;Norte;Tombamento;1;1;0;0;0;0;;;;;3;0;0;1;0
09/09/2011;23:19:00;117;sem vítima;127,3;BR-293/RS;Norte;Colisão com objeto fixo;1;0;0;1;0;0;;;;;2;0;0;0;0
09/09/2011;04:39:00;13;com vítima;527,5;BR-116/RS;Sul;Colisão com objeto fixo;1;0;0;1;0;0;;;;;1;0;1;2;0
09/09/2011;09:35:00;29;com vítima;527,7;BR-116/RS;Norte;Colisão Traseira;1;0;0;0;1;0;;;;;5;2;0;2;0
10/09/2011;07:16:00;19;com vítima;413,4;BR-116/RS;Sul;Colisão Frontal;0;0;0;1;0;0;;;;;0;1;0;0;0
10/09/2011;01:27:00;6;com vítima;14,4;BR-293/RS;Norte;Atropelamento de animal;0;0;0;1;0;0;;;;;0;1;0;0;0
10/09/2011;02:02:00;7;sem vítima;90,3;BR-392/RS;Sul;Tombamento;0;0;1;0;0;1;;;;;2;0;0;0;0
10/09/2011;10:02:00;25;sem vítima;529,3;BR-116/RS;Sul;Abalr.Transversal;1;0;0;0;0;0;;;;;4;0;0;0;0
12/09/2011;16:27:00;81;sem vítima;415,2;BR-116/RS;Sul;Abalr.Transversal;0;0;0;1;0;0;;;;;1;0;0;0;0
12/09/2011;10:38:00;39;sem vítima;42,3;BR-392/RS;Sul;Colisão Traseira;2;0;0;0;0;0;;;;;2;0;0;0;0
12/09/2011;00:24:00;4;com vítima;91,1;BR-392/RS;Norte;Saída de Pista;1;0;0;0;0;0;;;;;0;2;2;1;0
12/09/2011;07:09:00;12;com vítima;530,3;BR-116/RS;Norte;Atropelamento de animal;1;0;0;0;0;0;;;;;1;1;0;0;0
13/09/2011;07:43:00;28;sem vítima;426,4;BR-116/RS;Norte;Saída de Pista;1;0;0;0;0;0;;;;;4;0;0;0;0
14/09/2011;15:52:00;60;com vítima;516,1;BR-116/RS;Norte;Abalr.Transversal;1;0;2;1;1;0;;;;;1;1;4;0;1
14/09/2011;16:04:00;61;com vítima;73,1;BR-392/RS;Sul;Colisão Traseira;1;0;0;0;0;0;;;;;0;1;2;0;0
14/09/2011;01:43:00;10;com vítima;117;BR-392/RS;Norte;Saída de Pista;0;0;0;1;0;0;;;;;0;2;0;0;0
15/09/2011;05:27:00;16;com vítima;446,3;BR-116/RS;Sul;Saída de Pista;0;0;0;2;0;0;;;;;0;2;0;0;0
15/09/2011;13:56:00;53;sem vítima;454,2;BR-116/RS;Norte;Abalroamento Mesmo Sentido;1;0;0;0;0;0;;;;;2;0;0;0;0
15/09/2011;09:56:00;28;sem vítima;485,8;BR-116/RS;Norte;Abalr.Transversal;1;0;0;0;0;0;;;;;1;0;0;0;0
15/09/2011;10:13:00;29;sem vítima;117,2;BR-392/RS;Sul;Saída de Pista;1;0;0;0;0;0;;;;;3;0;0;0;0
16/09/2011;04:09:00;15;com vítima;429,8;BR-116/RS;Sul;Colisão com objeto fixo;3;0;0;0;0;0;;;;;4;0;4;1;1
16/09/2011;17:53:00;89;sem vítima;12,2;BR-392/RS;Norte;Colisão Traseira;3;0;0;0;0;0;;;;;9;0;0;0;0
16/09/2011;18:21:00;91;com vítima;514,4;BR-116/RS;Sul;Abalr.Transversal;3;0;0;0;0;0;;;;;9;0;1;0;0
17/09/2011;01:50:00;9;sem vítima;4,5;BR-392/RS;Sul;Saída de Pista;2;0;0;0;0;5;;;;;0;0;0;0;0
17/09/2011;16:53:00;75;sem vítima;467,9;BR-116/RS;Norte;Tombamento;2;0;0;0;0;0;;;;;0;0;0;0;0
18/09/2011;23:45:00;81;com vítima;437,5;BR-116/RS;Norte;Abalroamento Mesmo Sentido;1;0;0;0;0;0;;;;;0;6;0;0;0
18/09/2011;00:34:00;4;sem vítima;73,1;BR-293/RS;Norte;Saída de Pista;1;0;0;0;0;0;;;;;4;0;0;0;0
18/09/2011;07:04:00;14;sem vítima;59,6;BR-392/RS;Norte;Colisão com objeto fixo;1;0;0;0;0;0;;;;;3;0;0;0;0
18/09/2011;18:49:00;61;com vítima;93,4;BR-392/RS;Sul;Abalr.Transversal;0;0;1;0;0;0;;;;;0;1;0;0;0
19/09/2011;18:53:00;87;com vítima;4;BR-392/RS;Sul;Atropelamento de animal;1;1;0;0;0;0;;;;;3;1;0;0;0
19/09/2011;20:01:00;98;com vítima;4;BR-392/RS;Norte;Colisão Traseira;0;0;0;1;0;0;;;;;0;1;1;0;0
19/09/2011;18:24:00;81;com vítima;12;BR-392/RS;Sul;Abalroamento Transversal;1;0;0;0;0;0;;;;;0;1;0;0;0
19/09/2011;19:44:00;94;com vítima;42,6;BR-392/RS;Norte;Abalroamento Transversal;2;0;0;0;0;0;;;;;1;5;0;0;0