data;horario;n_da_ocorrencia;tipo_de_ocorrencia;km;trecho;sentido;tipo_de_acidente;automovel;bicicleta;caminhao;moto;onibus;outros;tracao_animal;transporte_de_cargas_especiais;trator_maquinas;utilitarios;ilesos;levemente_feridos;moderadamente_feridos;gravemente_feridos;mortos
07/10/2012;01:29:00;2;com vítima;99,5;BR-392/RS;Norte;Saída de Pista;2;0;0;0;0;0;;;;;2;1;0;0;0
08/10/2012;13:28:00;29;sem vítima;513,6;BR-116/RS;Sul;Saída de Pista;1;0;0;0;0;0;;;;;2;0;0;0;0
08/10/2012;16:01:00;40;com vítima;92,2;BR-293/RS;Norte;Saída de Pista;1;0;0;0;0;0;;;;;1;3;0;0;0
08/10/2012;04:50:00;6;sem vítima;118,2;BR-392/RS;Norte;Saída de Pista;1;0;0;0;0;0;;;;;2;0;0;0;0
10/10/2012;21:00:00;86;sem vítima;13,8;BR-293/RS;Norte;Atropelamento;1;0;0;0;0;0;;;;;1;0;0;0;0
10/10/2012;08:21:00;12;com vítima;427,3;BR-116/RS;Sul;Abalr.Transversal;1;0;0;1;0;0;;;;;4;1;0;1;0
10/10/2012;16:59:00;66;com vítima;66,9;BR-392/RS;Norte;Abalr.Transversal;0;0;1;1;0;0;;;;;2;0;0;0;1
10/10/2012;07:46:00;11;sem vítima;76,9;BR-392/RS;Sul;Saída de Pista;1;0;0;0;1;0;;;;;2;0;0;0;0
11/10/2012;07:27:00;33;sem vítima;523,9;BR-116/RS;Norte;Abalr.Transversal;1;0;0;0;0;0;;;;;3;0;0;0;0
11/10/2012;06:50:00;29;com vítima;84,7;BR-392/RS;Sul;Saída de Pista;1;0;0;0;0;0;;;;;0;1;0;0;0
12/10/2012;19:38:00;87;sem vítima;21,5;BR-392/RS;Norte;Tombamento;1;0;0;0;0;0;;;;;3;0;0;0;0
13/10/2012;06:53:00;13;sem vítima;17;BR-392/RS;Sul;Tombamento;1;0;0;0;0;0;;;;;2;0;0;0;0
13/10/2012;22:48:00;75;sem vítima;62,1;BR-392/RS;Norte;Colisão com Objeto Fixo;1;0;0;0;0;0;;;;;2;0;0;0;0
13/10/2012;07:12:00;16;sem vítima;66,4;BR-392/RS;Sul;Saída de Pista;1;0;0;0;0;0;;;;;3;0;0;0;0
13/10/2012;16:27:00;51;com vítima;596;BR-116/RS;Norte;Saída de Pista;2;0;0;0;0;0;;;;;4;1;0;0;0
14/10/2012;21:36:00;89;com vítima;529,5;BR-116/RS;Sul;Abalr.Transversal;1;0;0;1;0;0;;;;;3;1;0;0;0
15/10/2012;18:13:00;58;com vítima;93;BR-392/RS;Sul;Abalr.Transversal;0;0;0;2;0;0;;;;;0;3;0;0;0
15/10/2012;15:57:00;46;sem vítima;656,1;BR-116/RS;Sul;Abalr.Transversal;2;0;0;0;0;1;;;;;4;0;0;0;0
16/10/2012;18:52:00;73;com vítima;1,3;BR-392/RS;Sul;Abalr.Transversal;1;0;0;0;0;0;;;;;1;3;0;0;0
16/10/2012;00:08:00;1;com vítima;454,7;BR-116/RS;Norte;Abalr.Transversal;1;0;1;0;0;0;;;;;1;0;0;0;1
16/10/2012;08:51:00;20;com vítima;2,2;BR-604/RS;Sul;Abalr.Transversal;1;0;0;0;0;0;;;;;0;1;0;0;0
17/10/2012;06:54:00;11;sem vítima;73,3;BR-293/RS;Norte;Colisão Traseira;1;0;0;0;0;0;;;;;1;0;0;0;0
17/10/2012;19:30:00;77;sem vítima;542,8;BR-116/RS;Sul;Abalr.Mesmo Sentido;2;0;0;0;0;0;;;;;3;0;0;0;0
18/10/2012;12:54:00;49;com vítima;1,5;BR-392/RS;Norte;Abalr.Transversal;2;0;0;0;0;0;;;;;3;1;2;0;0
18/10/2012;07:12:00;16;com vítima;15,9;BR-392/RS;Sul;Atropelamento;0;0;0;1;0;0;;;;;1;1;0;0;0
18/10/2012;10:12:00;42;sem vítima;169,2;BR-392/RS;Sul;Colisão Traseira;1;0;1;0;0;0;;;;;5;0;0;0;0
19/10/2012;16:04:00;61;com vítima;521,9;BR-116/RS;Norte;Colisão Traseira;1;0;0;1;0;0;;;;;1;1;0;2;0
19/10/2012;13:18:00;46;sem vítima;94,2;BR-392/RS;Norte;Abalr.Mesmo Sentido;1;0;1;0;0;0;;;;;3;0;0;0;0
19/10/2012;05:10:00;10;sem vítima;108;BR-392/RS;Norte;Saída de Pista;1;0;2;0;0;0;;;;;2;0;0;0;0
20/10/2012;19:38:00;64;sem vítima;519,5;BR-116/RS;Sul;Atropelamento;1;0;0;0;0;0;;;;;1;0;0;0;0
21/10/2012;22:03:00;70;com vítima;12,4;BR-293/RS;Norte;Saída de Pista;0;0;1;0;0;0;;;;;0;1;0;0;0
21/10/2012;19:25:00;57;sem vítima;429,3;BR-116/RS;Sul;Abalr.Transversal;1;0;0;0;0;0;;;;;4;0;0;0;0
22/10/2012;07:59:00;19;com vítima;29,6;BR-392/RS;Norte;Atropelamento;1;0;2;0;0;0;;;;;3;2;0;0;0
22/10/2012;09:57:00;25;com vítima;57,8;BR-392/RS;Sul;Saída de Pista;1;0;1;0;0;0;;;;;0;1;2;0;0
24/10/2012;18:28:00;79;sem vítima;2,9;BR-392/RS;Sul;Abalr.Transversal;2;0;0;0;0;0;;;;;8;0;0;0;0
24/10/2012;08:28:00;13;com vítima;110,2;BR-392/RS;Norte;Abalr.Transversal;0;0;0;2;0;0;;;;;0;1;1;0;0
25/10/2012;18:46:00;71;com vítima;16,8;BR-392/RS;Sul;Tombamento;1;0;0;1;0;0;;;;;1;0;1;0;0
25/10/2012;09:39:00;27;sem vítima;61;BR-392/RS;Sul;Tombamento;1;0;1;0;0;0;;;;;2;0;0;0;0
26/10/2012;07:33:00;19;com vítima;16,2;BR-392/RS;Sul;Abalr.Mesmo Sentido;0;0;0;1;0;0;;;;;0;0;2;0;0
26/10/2012;11:14:00;44;com vítima;39,7;BR-392/RS;Sul;Colisão Traseira;1;0;0;0;0;0;;;;;0;4;0;0;0
26/10/2012;19:28:00;100;com vítima;658;BR-116/RS;Norte;Tombamento;2;0;0;0;0;0;;;;;1;3;1;0;0
27/10/2012;05:31:00;10;com vítima;4,9;BR-392/RS;Norte;Saída de Pista;2;0;0;0;0;0;;;;;8;1;0;0;0
27/10/2012;07:49:00;14;com vítima;4,9;BR-392/RS;Norte;Saída de Pista;1;0;0;1;0;0;;;;;2;0;0;0;1
28/10/2012;16:21:00;34;com vítima;443,3;BR-116/RS;Norte;Colisão frontal;1;0;0;1;0;0;;;;;4;1;0;0;0
28/10/2012;17:15:00;36;com vítima;498,2;BR-116/RS;Norte;Saída de Pista;0;0;4;1;0;0;;;;;2;2;0;0;0
28/10/2012;19:30:00;48;sem vítima;102,2;BR-392/RS;Sul;Abalr.Mesmo Sentido;0;0;4;0;0;0;;;;;2;0;0;0;0
28/10/2012;17:54:00;42;com vítima;563,5;BR-116/RS;Sul;Abalr.Transversal;1;0;0;0;0;0;;;;;0;1;1;0;0
29/10/2012;01:40:00;6;com vítima;0,5;BR-392/RS;Sul;Saída de Pista;1;0;0;0;0;0;;;;;0;3;0;0;0
29/10/2012;17:26:00;52;com vítima;49;BR-293/RS;Norte;Saída de Pista;1;0;0;0;0;0;;;;;0;3;1;0;0
29/10/2012;02:29:00;9;com vítima;131,8;BR-293/RS;Norte;Saída de Pista;1;0;0;0;0;0;;;;;0;1;1;0;0
30/10/2012;16:55:00;60;sem vítima;2,9;BR-392/RS;Sul;Saída de Pista;0;0;1;0;0;0;;;;;1;0;0;0;0
30/10/2012;07:36:00;12;sem vítima;5,8;BR-392/RS;Sul;Abalr.Sentido Oposto;1;0;1;0;0;0;;;;;2;0;0;0;0
30/10/2012;18:07:00;71;com vítima;519,2;BR-116/RS;Sul;Abalr.Transversal;1;0;0;0;0;0;;;;;0;1;2;0;0
31/10/2012;10:33:00;24;sem vítima;30,8;BR-293/RS;Norte;Colisão Traseira;2;0;0;0;0;0;;;;;2;0;0;0;0
31/10/2012;20:41:00;76;sem vítima;46;BR-392/RS;Norte;Colisão Traseira;1;0;0;0;0;0;;;;;1;0;0;0;0
31/10/2012;12:53:00;43;com vítima;519,3;BR-116/RS;Norte;Abalr.Transversal;0;0;0;1;0;0;;;;;0;1;0;0;0
01/11/2012;17:28:00;60;sem vítima;13,7;BR-293/RS;Norte;Abalr.Transversal;2;0;0;0;0;0;;;;;4;0;0;0;0
01/11/2012;07:14:00;10;sem vítima;5;BR-392/RS;Sul;Abalr.Transversal;1;0;0;0;0;0;;;;;5;0;0;0;0
01/11/2012;23:45:00;94;com vítima;20,6;BR-392/RS;Sul;Colisão Traseira;0;0;0;1;0;0;;;;;0;1;0;0;0
02/11/2012;11:30:00;44;com vítima;404,2;BR-116/RS;Sul;Saída de Pista;0;0;0;1;0;0;;;;;0;1;0;0;0
02/11/2012;16:13:00;67;com vítima;177,4;BR-392/RS;Norte;Colisão com objeto fixo;1;0;1;0;0;0;;;;;1;4;1;0;0
02/11/2012;14:37:00;57;sem vítima;621,9;BR-116/RS;Norte;Abalr.Transversal;1;0;0;0;0;0;;;;;4;0;0;0;0
03/11/2012;03:54:00;6;com vítima;4,9;BR-392/RS;Sul;Outros tipos de acidente;0;0;0;1;0;0;;;;;0;1;1;1;0
04/11/2012;19:47:00;61;com vítima;20,6;BR-392/RS;Sul;Colisão Traseira;2;0;0;0;0;0;;;;;5;2;0;0;0
04/11/2012;18:01:00;47;sem vítima;34,1;BR-293/RS;Norte;Abalr.Mesmo sentido;0;0;3;0;0;0;;;;;4;0;0;0;0
04/11/2012;17:15:00;44;sem vítima;466,7;BR-116/RS;Sul;Saída de Pista;1;0;0;0;0;0;;;;;3;0;0;0;0
04/11/2012;13:34:00;28;com vítima;542,2;BR-116/RS;Sul;Tombamento;1;0;0;1;0;0;;;;;2;1;0;0;0
05/11/2012;11:15:00;43;sem vítima;87,5;BR-392/RS;Norte;Abalr.Transversal;2;0;0;0;0;0;;;;;5;0;0;0;0
05/11/2012;08:03:00;21;sem vítima;526,4;BR-116/RS;Norte;Colisão Traseira;2;0;0;0;0;0;;;;;9;0;0;0;0
06/11/2012;12:24:00;47;com vítima;1;BR-392/RS;Norte;Abalr.Transversal;1;0;0;1;0;0;;;;;1;2;0;0;0
06/11/2012;16:11:00;65;com vítima;1;BR-392/RS;Norte;Colisão Traseira;1;0;0;0;0;0;;;;;0;2;0;0;0
06/11/2012;18:19:00;80;com vítima;24,4;BR-392/RS;Norte;Abalr.Transversal;1;0;0;0;0;0;;;;;0;0;1;0;0
06/11/2012;17:45:00;73;sem vítima;62,5;BR-293/RS;Norte;Abalr.Transversal;1;0;0;0;0;0;;;;;1;0;0;0;0
06/11/2012;13:01:00;52;sem vítima;74,2;BR-392/RS;Norte;Saída de Pista;0;0;2;0;0;0;;;;;1;0;0;0;0
07/11/2012;07:09:00;10;sem vítima;4,7;BR-392/RS;Norte;Abalr.Transversal;2;0;0;0;0;0;;;;;2;0;0;0;0
07/11/2012;07:39:00;14;sem vítima;51;BR-392/RS;Norte;Saída de Pista;3;0;0;0;0;0;;;;;3;0;0;0;0
07/11/2012;09:16:00;22;com vítima;66,9;BR-392/RS;Sul;Abalr.Transversal;1;0;0;0;0;0;;;;;0;0;2;0;0
08/11/2012;22:27:00;98;sem vítima;4,6;BR-392/RS;Sul;Tombamento;1;0;0;0;0;0;;;;;2;0;0;0;0
08/11/2012;20:45:00;92;sem vítima;30,3;BR-293/RS;Norte;Colisão Traseira;0;0;3;0;0;0;;;;;3;0;0;0;0
08/11/2012;05:34:00;16;sem vítima;20,5;BR-392/RS;Norte;Atropelamento de animal;1;0;1;0;0;0;;;;;3;0;0;0;0
09/11/2012;08:36:00;22;sem vítima;4,9;BR-392/RS;Norte;Colisão Traseira;1;0;0;0;0;0;;;;;1;0;0;0;0
09/11/2012;07:32:00;11;sem vítima;5,8;BR-392/RS;Norte;Colisão Traseira;3;0;0;0;0;0;;;;;7;0;0;0;0
09/11/2012;14:46:00;57;com vítima;156,6;BR-392/RS;Sul;Colisão Traseira;0;0;2;1;0;0;;;;;1;0;0;0;1
10/11/2012;04:13:00;10;sem vítima;1,4;BR-392/RS;Norte;Saída de Pista;2;0;0;0;0;0;;;;;5;0;0;0;0
10/11/2012;08:19:00;27;sem vítima;1;BR-604/RS;Sul;Abalr.Transversal;1;0;2;0;0;0;;;;;5;0;0;0;0
10/11/2012;18:15:00;75;com vítima;94,1;BR-293/RS;Norte;Saída de Pista;0;0;0;1;0;0;;;;;0;1;1;0;0
10/11/2012;18:03:00;73;com vítima;61,1;BR-392/RS;Norte;Colisão com objeto fixo;2;0;0;0;0;0;;;;;4;4;0;0;0
10/11/2012;17:16:00;71;sem vítima;524,1;BR-116/RS;Norte;Colisão Traseira;1;0;0;0;0;0;;;;;1;0;0;0;0
11/11/2012;18:56:00;57;com vítima;418,8;BR-116/RS;Norte;Abalr.Sentido Oposto;0;0;0;1;0;0;;;;;0;0;2;0;0
12/11/2012;09:11:00;15;com vítima;2,5;BR-392/RS;Norte;Colisão Traseira;2;0;2;0;0;0;;;;;4;2;2;0;0
12/11/2012;07:55:00;10;sem vítima;2,7;BR-392/RS;Sul;Colisão Frontal;2;0;0;0;0;0;;;;;2;0;0;0;0
12/11/2012;13:21:00;29;com vítima;61,1;BR-392/RS;Sul;Colisão Traseira;2;0;0;0;0;0;;;;;5;2;0;0;0
12/11/2012;08:34:00;13;com vítima;83;BR-392/RS;Sul;Abalr.Transversal;1;0;0;1;0;0;;;;;3;1;1;0;0
12/11/2012;13:27:00;30;com vítima;119,7;BR-392/RS;Sul;Saída de Pista;0;0;0;1;0;0;;;;;0;1;0;0;0
13/11/2012;14:34:00;44;sem vítima;34,4;BR-392/RS;Norte;Abalr.Sentido Oposto;1;0;0;1;0;0;;;;;3;0;0;0;0
13/11/2012;21:19:00;71;com vítima;113,2;BR-392/RS;Sul;Tombamento;1;0;0;0;0;1;;;;;1;4;0;0;0
14/11/2012;01:35:00;11;com vítima;18,9;BR-392/RS;Sul;Abalr.Transversal;0;0;1;0;0;0;;;;;0;1;0;0;0
14/11/2012;18:04:00;76;com vítima;68,2;BR-392/RS;Norte;Colisão Traseira;0;0;0;0;1;0;;;;;25;8;0;0;0
15/11/2012;02:19:00;5;sem vítima;526;BR-116/RS;Norte;Saída de Pista;1;0;0;0;0;0;;;;;2;0;0;0;0
15/11/2012;12:24:00;51;com vítima;578,6;BR-116/RS;Sul;Colisão Frontal;1;0;0;1;0;1;;;;;4;0;1;0;0
16/11/2012;15:00:00;53;com vítima;0,4;BR-392/RS;Sul;Abalr.Transversal;1;0;0;1;0;0;;;;;1;0;1;0;0
16/11/2012;02:49:00;6;com vítima;18,3;BR-392/RS;Sul;Saída de Pista;1;1;0;0;0;0;;;;;3;0;1;0;0
16/11/2012;18:27:00;66;com vítima;520,9;BR-116/RS;Norte;Abalr.Transversal;2;0;0;0;0;0;;;;;2;1;0;0;0
16/11/2012;00:38:00;3;com vítima;599,9;BR-116/RS;Sul;Saída de Pista;1;0;0;0;0;0;;;;;0;1;1;0;0
17/11/2012;21:09:00;71;com vítima;82,3;BR-392/RS;Norte;Tombamento;2;0;0;0;0;0;;;;;0;1;0;1;0
17/11/2012;20:56:00;69;com vítima;590,4;BR-116/RS;Norte;Colisão Frontal;2;0;0;0;0;0;;;;;2;1;1;0;0
17/11/2012;20:23:00;66;com vítima;194,2;BR-392/RS;Sul;Saída de Pista;1;0;1;0;0;0;;;;;0;0;2;0;0
18/11/2012;21:20:00;79;sem vítima;18,9;BR-392/RS;Sul;Colisão Traseira;2;0;0;0;0;0;;;;;2;0;0;0;0
18/11/2012;11:58:00;20;com vítima;484,4;BR-116/RS;Norte;Colisão Traseira;1;0;0;0;0;0;;;;;0;2;0;0;0
18/11/2012;15:53:00;34;com vítima;39,8;BR-392/RS;Sul;Tombamento;1;0;0;1;0;0;;;;;1;1;0;0;0
18/11/2012;10:57:00;14;sem vítima;512,7;BR-116/RS;Norte;Colisão Traseira;2;0;0;0;0;0;;;;;3;0;0;0;0
18/11/2012;21:42:00;82;sem vítima;119;BR-392/RS;Norte;Abalr.Sentido Oposto;1;0;1;0;0;0;;;;;4;0;0;0;0
19/11/2012;17:37:00;81;com vítima;1,3;BR-392/RS;Sul;Colisão Traseira;1;0;0;1;0;0;;;;;1;0;0;1;0
19/11/2012;15:11:00;63;com vítima;15,5;BR-293/RS;Norte;Saída de Pista;2;0;0;0;0;0;;;;;1;0;0;3;0
19/11/2012;18:41:00;86;com vítima;516,9;BR-116/RS;Norte;Abalr.Transversal;1;0;0;1;0;0;;;;;1;0;1;0;0
19/11/2012;06:30:00;15;sem vítima;135,6;BR-392/RS;Norte;Abalr.Mesmo sentido;1;0;0;0;0;0;;;;;1;0;0;0;0
20/11/2012;17:16:00;74;sem vítima;37,3;BR-293/RS;Norte;Abalr.Transversal;2;0;0;0;0;0;;;;;4;0;0;0;0
20/11/2012;20:43:00;92;com vítima;61;BR-392/RS;Norte;Colisão com objeto fixo;1;0;0;1;0;0;;;;;1;1;1;0;0
21/11/2012;11:36:00;40;com vítima;8,5;BR-392/RS;Sul;Colisão Traseira;1;0;0;0;0;0;;;;;1;1;0;0;0
21/11/2012;06:08:00;13;com vítima;61,1;BR-392/RS;Norte;Saída de Pista;1;0;0;0;0;0;;;;;0;2;0;0;0
21/11/2012;18:23:00;87;sem vítima;524,4;BR-116/RS;Sul;Abalr.Transversal;0;0;0;1;1;0;;;;;2;0;0;0;0
21/11/2012;09:05:00;21;sem vítima;526,4;BR-116/RS;Norte;Abalr.Mesmo sentido;3;0;0;0;0;0;;;;;3;0;0;0;0
21/11/2012;05:25:00;12;com vítima;119,4;BR-392/RS;Norte;Tombamento;2;0;1;0;0;0;;;;;2;4;0;0;0
23/11/2012;22:38:00;77;sem vítima;20,9;BR-392/RS;Norte;Tombamento;2;0;0;0;0;0;;;;;2;0;0;0;0
24/11/2012;21:47:00;85;sem vítima;529,2;BR-116/RS;Norte;Atropelamento;1;0;0;0;1;0;;;;;2;0;0;0;0
25/11/2012;17:29:00;42;sem vítima;416,4;BR-116/RS;Sul;Colisão Traseira;0;0;1;0;0;0;;;;;1;0;0;0;0
25/11/2012;05:34:00;9;sem vítima;21,1;BR-392/RS;Sul;Tombamento;1;0;0;0;0;0;;;;;4;0;0;0;0
25/11/2012;22:17:00;64;com vítima;144,7;BR-392/RS;Norte;Tombamento;0;0;0;1;0;0;;;;;0;2;0;0;0
26/11/2012;15:49:00;47;com vítima;619,8;BR-116/RS;Sul;Atropelamento de animal;0;0;1;0;0;0;;;;;0;1;0;0;0
27/11/2012;11:40:00;42;com vítima;431;BR-116/RS;Sul;Saída de Pista;1;0;0;1;0;0;;;;;1;1;0;0;0
27/11/2012;18:23:00;75;com vítima;511;BR-116/RS;Sul;Colisão Frontal;0;0;0;1;0;0;;;;;0;1;0;0;0
27/11/2012;17:44:00;71;com vítima;62;BR-392/RS;Sul;Colisão Traseira;3;0;0;0;0;0;;;;;9;1;3;0;0
27/11/2012;15:21:00;62;sem vítima;633,8;BR-116/RS;Norte;Saída de Pista;1;0;0;0;0;0;;;;;5;0;0;0;0
28/11/2012;07:00:00;16;sem vítima;421,7;BR-116/RS;Sul;Saída de Pista;2;0;0;0;0;0;;;;;2;0;0;0;0
28/11/2012;09:47:00;30;com vítima;518,6;BR-116/RS;Norte;Abalr.Transversal;2;0;0;0;0;0;;;;;4;2;0;0;0
28/11/2012;12:14:00;46;com vítima;130;BR-392/RS;Sul;Abalr.Mesmo sentido;1;0;0;1;0;0;;;;;4;0;0;1;0
29/11/2012;10:39:00;32;sem vítima;53,1;BR-392/RS;Sul;Saída de Pista;1;0;0;0;0;0;;;;;2;0;0;0;0
29/11/2012;18:47:00;72;com vítima;511,5;BR-116/RS;Sul;Abalr.Mesmo sentido;2;0;0;0;0;0;;;;;0;3;0;0;0
29/11/2012;17:51:00;66;sem vítima;518,4;BR-116/RS;Sul;Saída de Pista;2;0;0;0;0;0;;;;;4;0;0;0;0
01/12/2012;19:37:00;71;com vítima;511;BR-116/RS;Norte;Saída de pista;1;0;0;0;0;0;;;;;2;2;1;0;0
01/12/2012;16:57:00;57;com vítima;516,9;BR-116/RS;Norte;Abalr.Transversal;1;0;0;0;0;0;;;;;0;1;0;0;0
02/12/2012;13:59:00;44;com vítima;22;BR-392/RS;Sul;Abalr.Mesmo Sentido;0;0;0;1;0;0;;;;;0;0;1;0;0
02/12/2012;16:32:00;60;com vítima;67;BR-392/RS;Sul;Abalr.Transversal;2;0;0;0;0;0;;;;;0;0;3;0;0
02/12/2012;10:34:00;32;sem vítima;84,1;BR-392/RS;Sul;Saída de pista;2;0;0;0;0;0;;;;;3;0;0;0;0
03/12/2012;07:51:00;11;com vítima;525,3;BR-116/RS;Norte;Outros tipos de acidente;0;0;1;1;0;0;;;;;2;0;1;0;0
04/12/2012;21:03:00;84;sem vítima;425,1;BR-116/RS;Norte;Abalr.Sentido Oposto;1;0;0;0;0;0;;;;;2;0;0;0;0
04/12/2012;07:37:00;11;sem vítima;8,9;BR-392/RS;Sul;Abalr.Transversal;2;0;0;0;0;0;;;;;4;0;0;0;0
04/12/2012;17:15:00;61;sem vítima;29,1;BR-392/RS;Norte;Abalr.Transversal;1;0;1;0;0;0;;;;;6;0;0;0;0
04/12/2012;17:20:00;62;com vítima;525,9;BR-116/RS;Sul;Abalr.Mesmo Sentido;1;0;0;1;0;0;;;;;5;0;1;0;0
05/12/2012;00:55:00;5;com vítima;16,3;BR-392/RS;Sul;Tombamento;0;0;0;1;0;0;;;;;0;1;0;0;0
05/12/2012;06:17:00;13;sem vítima;59,8;BR-392/RS;Sul;Tombamento;1;0;0;0;0;1;;;;;2;0;0;0;0
06/12/2012;21:22:00;84;sem vítima;79,7;BR-293/RS;Norte;Colisão Traseira;0;0;1;0;0;0;;;;;1;0;0;0;0
06/12/2012;20:15:00;79;sem vítima;74,6;BR-392/RS;Sul;Abalr.Transversal;1;0;0;0;0;0;;;;;1;0;0;0;0
07/12/2012;18:02:00;82;sem vítima;1,3;BR-604/RS;Sul;Abalr.Transversal;1;0;1;0;0;0;;;;;3;0;0;0;0
07/12/2012;09:40:00;24;com vítima;151,1;BR-293/RS;Norte;Saída de Pista;1;0;1;0;0;0;;;;;1;1;0;0;0
08/12/2012;16:32:00;80;sem vítima;516,8;BR-116/RS;Norte;Abalr.Transversal;2;0;0;0;0;0;;;;;2;0;0;0;0
08/12/2012;19:17:00;100;com vítima;557,7;BR-116/RS;Sul;colisão Frontal;1;0;0;2;0;0;;;;;2;0;1;0;0
09/12/2012;22:08:00;104;sem vítima;26,4;BR-392/RS;Sul;Tombamento;2;0;0;0;0;0;;;;;2;0;0;0;0
11/12/2012;16:02:00;89;com vítima;427,3;BR-116/RS;Norte;Abalr.Transversal;1;0;0;1;0;0;;;;;1;0;0;1;0
11/12/2012;17:49:00;95;sem vítima;120,5;BR-293/RS;Norte;Saída de Pista;0;0;2;0;0;0;;;;;2;0;0;0;0
11/12/2012;00:17:00;4;com vítima;148;BR-293/RS;Norte;Colisão com Objeto Fixo;0;0;0;1;0;0;;;;;0;2;0;0;0
12/12/2012;18:58:00;82;sem vítima;411,8;BR-116/RS;Norte;Abalr.Sentido Oposto;0;0;1;0;0;0;;;;;1;0;0;0;0
13/12/2012;13:18:00;42;com vítima;11,3;BR-293/RS;Norte;Colisão com Objeto Fixo;1;1;0;0;0;0;;;;;3;0;1;0;0
13/12/2012;13:00:00;40;com vítima;61;BR-392/RS;Norte;Saída de Pista;3;0;1;0;1;0;;;;;33;7;0;0;0
13/12/2012;03:19:00;8;sem vítima;107;BR-392/RS;Sul;Saída de Pista;0;0;2;0;0;0;;;;;2;0;0;0;0
14/12/2012;00:07:00;1;com vítima;11,3;BR-293/RS;Norte;Saída de Pista;0;0;0;1;0;0;;;;;0;0;0;1;0
14/12/2012;16:37:00;79;com vítima;407;BR-116/RS;Sul;Colisão Traseira;0;0;1;0;0;0;;;;;2;0;1;0;0
14/12/2012;12:47:00;58;sem vítima;18,8;BR-392/RS;Sul;Abalr.Transversal;0;0;1;0;0;0;;;;;1;0;0;0;0
14/12/2012;15:23:00;73;sem vítima;32,6;BR-392/RS;Norte;Abalr.Sentido Oposto;0;0;2;0;0;0;;;;;2;0;0;0;0
14/12/2012;06:28:00;17;com vítima;37;BR-392/RS;Sul;Outros tipos de acidente;1;0;1;0;0;0;;;;;3;1;0;0;0
16/12/2012;01:40:00;7;com vítima;3,5;BR-392/RS;Norte;Atropelamento de Animal;0;0;0;1;0;0;;;;;0;1;0;0;0
16/12/2012;02:03:00;9;sem vítima;424;BR-116/RS;Sul;Colisão Frontal;2;0;0;0;0;0;;;;;3;0;0;0;0
16/12/2012;18:23:00;81;sem vítima;454,6;BR-116/RS;Norte;Abalr.Transversal;1;0;0;0;0;0;;;;;1;0;0;0;0
16/12/2012;22:50:00;110;sem vítima;469;BR-116/RS;Norte;Colisão Traseira;2;0;0;0;0;0;;;;;3;0;0;0;0
16/12/2012;21:24:00;103;sem vítima;30;BR-392/RS;Norte;Atropelamento de Animal;2;0;0;0;0;0;;;;;3;0;0;0;0
16/12/2012;15:17:00;61;sem vítima;67;BR-392/RS;Sul;Abalr.Transversal;0;0;2;0;0;0;;;;;3;0;0;0;0
16/12/2012;14:45:00;57;com vítima;530,8;BR-116/RS;Norte;Abalr.Transversal;1;0;1;0;0;0;;;;;1;1;0;0;0
16/12/2012;20:37:00;96;sem vítima;193,9;BR-392/RS;Sul;Tombamento;1;0;0;0;1;0;;;;;47;0;0;0;0
17/12/2012;21:42:00;80;sem vítima;16,8;BR-392/RS;Sul;Saída de pista;2;0;0;0;0;0;;;;;2;0;0;0;0
17/12/2012;11:27:00;43;sem vítima;20,5;BR-392/RS;Norte;Tombamento;1;0;0;0;0;0;;;;;3;0;0;0;0
17/12/2012;07:44:00;16;com vítima;102,4;BR-293/RS;Norte;Atropelamento de Animal;1;0;0;0;1;0;;;;;42;2;2;0;0
18/12/2012;17:20:00;62;sem vítima;41,9;BR-293/RS;Norte;Saída de pista;1;0;0;0;0;0;;;;;1;0;0;0;0
19/12/2012;09:06:00;21;sem vítima;120,8;BR-392/RS;Norte;Abalr.Transversal;3;0;0;0;0;0;;;;;10;0;0;0;0
20/12/2012;15:41:00;59;sem vítima;25,1;BR-293/RS;Norte;Colisão Traseira;1;0;0;0;0;0;;;;;1;0;0;0;0
20/12/2012;07:29:00;23;sem vítima;504,1;BR-116/RS;Norte;Saída de Pista;1;0;0;0;0;0;;;;;1;0;0;0;0
20/12/2012;12:21:00;45;sem vítima;92,3;BR-293/RS;Norte;Saída de Pista;2;0;0;0;0;0;;;;;4;0;0;0;0
21/12/2012;16:11:00;67;com vítima;476,1;BR-116/RS;Norte;colisão Frontal;0;0;1;0;0;0;;;;;0;0;1;0;0
21/12/2012;10:34:00;35;sem vítima;66,4;BR-392/RS;Norte;Colisão Traseira;2;0;0;0;0;0;;;;;2;0;0;0;0
21/12/2012;14:50:00;58;com vítima;524,5;BR-116/RS;Norte;Colisão Traseira;1;0;0;0;0;0;;;;;0;0;0;0;1
21/12/2012;14:18:00;55;sem vítima;533,6;BR-116/RS;Norte;Saída de pista;2;0;0;0;0;0;;;;;5;0;0;0;0
22/12/2012;02:23:00;8;sem vítima;509,2;BR-116/RS;Sul;Atropelamento de Animal;2;0;0;0;0;0;;;;;2;0;0;0;0
22/12/2012;23:43:00;96;com vítima;527,3;BR-116/RS;Norte;Colisão Frontal;0;0;1;1;0;0;;;;;1;0;0;2;0
23/12/2012;07:33:00;19;sem vítima;0,1;BR-604/RS;Sul;Colisão Traseira;0;0;1;0;0;0;;;;;1;0;0;0;0