data;horario;n_da_ocorrencia;tipo_de_ocorrencia;km;trecho;sentido;tipo_de_acidente;automovel;bicicleta;caminhao;moto;onibus;outros;tracao_animal;transporte_de_cargas_especiais;trator_maquinas;utilitarios;ilesos;levemente_feridos;moderadamente_feridos;gravemente_feridos;mortos
15/07/2014;06:05:00;22;sem vítima;442,7;BR-116/RS;Norte;Colisão Frontal;1;0;0;0;1;0;;;;;2;0;0;0;0
15/07/2014;08:02:00;35;com vítima;654,4;BR-116/RS;Sul;Saída de Pista;1;0;1;0;0;0;;;;;3;1;0;0;0
16/07/2014;07:02:00;26;sem vítima;513,9;BR-116/RS;Sul;Colisão com Objeto Fixo;1;0;0;0;0;0;;;;;1;0;0;0;0
16/07/2014;09:36:00;35;sem vítima;66,8;BR-392/RS;Sul;Abalr.Transversal;1;0;0;0;0;0;;;;;1;0;0;0;0
16/07/2014;14:01:00;63;com vítima;527,1;BR-116/RS;Sul;Saída de Pista;1;0;0;0;0;0;;;;;0;1;0;0;0
17/07/2014;07:30:00;29;sem vítima;1,4;BR-392/RS;Sul;Colisão Frontal;2;0;0;0;0;0;;;;;2;0;0;0;0
17/07/2014;19:03:00;100;sem vítima;527,6;BR-116/RS;Sul;Colisão Traseira;0;0;1;0;0;0;;;;;3;0;0;0;0
18/07/2014;22:23:00;108;sem vítima;5,4;BR-392/RS;Norte;Saída de Pista;1;0;1;0;0;0;;;;;3;0;0;0;0
18/07/2014;10:15:00;38;sem vítima;482;BR-116/RS;Norte;Colisão Traseira;1;0;1;0;0;0;;;;;2;0;0;0;0
18/07/2014;18:42:00;91;sem vítima;132;BR-392/RS;Sul;Colisão Frontal;1;0;1;0;0;0;;;;;2;0;0;0;0
21/07/2014;18:29:00;96;sem vítima;25;BR-392/RS;Norte;Atropelamento;1;0;0;0;0;0;;;;;1;0;0;0;0
21/07/2014;17:37:00;87;com vítima;516,9;BR-116/RS;Norte;Abalr.Transversal;1;1;0;0;0;0;;;;;1;0;0;1;0
21/07/2014;15:51:00;79;sem vítima;71,5;BR-392/RS;Sul;Abalr.Mesmo Sentido;0;0;2;0;0;0;;;;;4;0;0;0;0
22/07/2014;22:31:00;129;sem vítima;26,5;BR-392/RS;Norte;Colisão com Objeto Fixo;0;0;2;0;0;0;;;;;2;0;0;0;0
22/07/2014;17:33:00;98;sem vítima;81,5;BR-392/RS;Sul;Abalr.Sentido Oposto;0;0;1;0;0;0;;;;;1;0;0;0;0
22/07/2014;15:40:00;85;com vítima;557,5;BR-116/RS;Norte;Saída de Pista;1;0;0;0;0;0;;;;;0;3;0;0;0
22/07/2014;05:36:00;19;sem vítima;194;BR-392/RS;Sul;Saída de Pista;0;0;1;0;0;0;;;;;1;0;0;0;0
23/07/2014;13:50:00;70;sem vítima;516;BR-116/RS;Sul;Saída de Pista;0;0;1;0;0;0;;;;;1;0;0;0;0
23/07/2014;14:39:00;73;com vítima;624,1;BR-116/RS;Norte;Saída de Pista;2;0;0;0;0;0;;;;;0;3;1;0;0
23/07/2014;18:42:00;97;sem vítima;656,8;BR-116/RS;Norte;Saída de Pista;2;0;0;0;0;0;;;;;2;0;0;0;0
25/07/2014;16:06:00;83;com vítima;416,3;BR-116/RS;Norte;Saída de Pista;2;0;0;0;0;0;;;;;0;0;1;3;0
25/07/2014;01:36:00;13;sem vítima;487;BR-116/RS;Norte;Saída de Pista;2;0;0;0;0;0;;;;;4;0;0;0;0
25/07/2014;05:58:00;20;com vítima;61,6;BR-392/RS;Norte;Colisão com Objeto Fixo;1;0;2;0;0;0;;;;;5;1;1;0;0
25/07/2014;08:16:00;26;sem vítima;530,1;BR-116/RS;Norte;Abalr.Transversal;2;0;0;0;0;0;;;;;3;0;0;0;0
26/07/2014;01:01:00;13;com vítima;4,4;BR-392/RS;Sul;Colisão Traseira;1;0;0;0;0;0;;;;;0;4;0;0;0
26/07/2014;14:20:00;79;com vítima;53,5;BR-392/RS;Norte;Saída de Pista;0;0;1;0;0;0;;;;;0;2;0;0;0
26/07/2014;14:38:00;81;com vítima;68,2;BR-392/RS;Norte;Outros tipos de acidente;1;0;0;0;0;0;;;;;0;4;0;0;0
27/07/2014;05:52:00;21;com vítima;441;BR-116/RS;Norte;Saída de Pista;2;0;0;0;0;0;;;;;1;2;0;0;0
27/07/2014;05:18:00;19;sem vítima;99,5;BR-392/RS;Sul;Saída de Pista;0;0;2;0;0;0;;;;;3;0;0;0;0
27/07/2014;19:14:00;90;sem vítima;531,4;BR-116/RS;Norte;Abalr.Mesmo Sentido;0;0;1;0;0;0;;;;;1;0;0;0;0
27/07/2014;17:04:00;68;com vítima;596,1;BR-116/RS;Norte;Saída de Pista;1;0;0;0;0;0;;;;;0;1;0;0;0
28/07/2014;23:57:00;134;com vítima;2,3;BR-392/RS;Norte;Colisão Traseira;1;0;0;1;0;0;;;;;3;1;1;0;0
28/07/2014;23:59:00;135;sem vítima;61,2;BR-392/RS;Sul;Saída de Pista;0;0;1;1;0;0;;;;;2;0;0;0;0
28/07/2014;07:51:00;23;sem vítima;528,5;BR-116/RS;Norte;Colisão Traseira;0;0;1;0;0;0;;;;;1;0;0;0;0
30/07/2014;06:38:00;20;sem vítima;525,2;BR-116/RS;Norte;Colisão Traseira;1;0;1;0;0;0;;;;;2;0;0;0;0
31/07/2014;22:19:00;110;sem vítima;12,2;BR-392/RS;Norte;Saída de Pista;0;0;2;0;0;0;;;;;2;0;0;0;0
31/07/2014;11:22:00;41;sem vítima;49,1;BR-392/RS;Sul;Saída de Pista;1;0;0;0;0;0;;;;;4;0;0;0;0
31/07/2014;17:36:00;90;com vítima;66,9;BR-392/RS;Sul;Abalr.Transversal;1;0;0;0;0;0;;;;;0;1;0;0;0
31/07/2014;10:39:00;40;com vítima;71;BR-392/RS;Sul;Abalr.Transversal;2;0;0;0;0;0;;;;;3;1;0;0;0
01/08/2014;11:03:00;34;com vítima;440,5;BR-116/RS;Norte;Saída de Pista;2;0;0;0;0;0;;;;;3;2;1;0;0
02/08/2014;07:43:00;22;com vítima;487,5;BR-116/RS;Sul;Abalr.Transversal;1;0;0;1;0;0;;;;;1;0;2;0;0
02/08/2014;12:54:00;43;com vítima;523,5;BR-116/RS;Norte;Abalr.Transversal;1;0;0;0;0;0;;;;;0;0;0;2;0
02/08/2014;18:45:00;80;com vítima;531,1;BR-116/RS;Norte;Colisão Frontal;1;0;0;0;0;0;;;;;0;1;1;0;0
02/08/2014;02:17:00;15;com vítima;608,6;BR-116/RS;Sul;Saída de Pista;1;1;0;0;0;0;;;;;3;0;0;0;1
03/08/2014;19:47:00;109;sem vítima;429,4;BR-116/RS;Norte;Saída de Pista;0;0;0;0;1;0;;;;;1;0;0;0;0
03/08/2014;14:56:00;65;com vítima;522,6;BR-116/RS;Norte;Abalr.Mesmo Sentido;0;0;0;1;0;0;;;;;0;1;0;0;0
03/08/2014;15:16:00;67;sem vítima;522,7;BR-116/RS;Norte;Abalr.Transversal;1;0;1;0;0;0;;;;;2;0;0;0;0
04/08/2014;07:29:00;26;sem vítima;5,3;BR-392/RS;Sul;Saída de Pista;1;0;1;0;0;0;;;;;2;0;0;0;0
04/08/2014;13:29:00;84;com vítima;6,9;BR-392/RS;Sul;Colisão Traseira;2;0;0;0;0;0;;;;;1;0;1;0;0
04/08/2014;18:02:00;116;sem vítima;526;BR-116/RS;Norte;Abalr.Transversal;1;0;0;0;1;0;;;;;5;0;0;0;0
05/08/2014;16:01:00;83;sem vítima;16;BR-392/RS;Sul;Abalr.Mesmo Sentido;1;0;0;0;1;1;;;;;3;0;0;0;0
05/08/2014;06:38:00;16;sem vítima;19,8;BR-392/RS;Norte;Atropelamento de Animal;0;0;2;0;0;0;;;;;2;0;0;0;0
05/08/2014;19:45:00;106;sem vítima;515;BR-116/RS;Norte;Abalr.Sentido Oposto;1;0;1;0;0;0;;;;;4;0;0;0;0
05/08/2014;08:17:00;28;sem vítima;521;BR-116/RS;Sul;Abalr.Transversal;0;0;2;0;0;0;;;;;2;0;0;0;0
05/08/2014;18:38:00;98;com vítima;71,7;BR-392/RS;Norte;Abalr.Transversal;1;0;0;0;0;0;;;;;1;0;0;0;1
06/08/2014;22:40:00;112;sem vítima;2,8;BR-392/RS;Norte;Colisão Traseira;0;0;1;0;0;0;;;;;1;0;0;0;0
06/08/2014;07:19:00;21;com vítima;4,8;BR-392/RS;Sul;Abalr.Transversal;0;0;2;0;0;0;;;;;1;0;1;0;0
06/08/2014;13:23:00;53;sem vítima;66,9;BR-392/RS;Sul;Abalr.Transversal;0;0;4;0;0;0;;;;;4;0;0;0;0
06/08/2014;23:35:00;115;sem vítima;655,2;BR-116/RS;Norte;Atropelamento de Animal;1;0;1;0;0;0;;;;;2;0;0;0;0
08/08/2014;16:57:00;106;sem vítima;443,2;BR-116/RS;Norte;Abalr.Mesmo Sentido;1;0;1;0;0;0;;;;;2;0;0;0;0
08/08/2014;13:15:00;72;sem vítima;105,2;BR-392/RS;Norte;Saída de Pista;0;0;1;0;0;0;;;;;1;0;0;0;0
09/08/2014;09:09:00;39;sem vítima;5,7;BR-392/RS;Sul;Saída de Pista;1;0;0;0;0;0;;;;;1;0;0;0;0
09/08/2014;19:22:00;97;com vítima;66,9;BR-392/RS;Sul;Abalr.Transversal;1;0;0;0;0;0;;;;;1;0;0;1;0
09/08/2014;14:42:00;70;com vítima;85,7;BR-392/RS;Sul;Abalr.Transversal;1;0;0;1;0;0;;;;;0;2;0;0;1
09/08/2014;12:12:00;62;com vítima;118,5;BR-392/RS;Norte;Colisão Traseira;1;0;0;0;0;0;;;;;0;1;2;0;0
10/08/2014;01:31:00;11;com vítima;52,3;BR-392/RS;Norte;Tombamento;1;0;0;0;0;0;;;;;0;5;0;0;0
10/08/2014;01:58:00;14;sem vítima;83,6;BR-392/RS;Norte;Saída de Pista;1;0;0;0;0;0;;;;;2;0;0;0;0
12/08/2014;09:07:00;27;com vítima;9,2;BR-392/RS;Sul;Abalr.Transversal;1;0;0;0;0;0;;;;;0;1;1;0;0
12/08/2014;19:04:00;90;sem vítima;25,9;BR-392/RS;Norte;Abalr.Mesmo Sentido;1;0;0;0;0;0;;;;;1;0;0;0;0
13/08/2014;13:58:00;67;sem vítima;449,9;BR-116/RS;Sul;Colisão Frontal;0;0;1;0;0;0;;;;;2;0;0;0;0
13/08/2014;15:09:00;71;sem vítima;76,3;BR-392/RS;Sul;Abalr.Transversal;1;0;1;0;0;0;;;;;3;0;0;0;0
13/08/2014;10:14:00;43;com vítima;529;BR-116/RS;Norte;Colisão Traseira;0;0;1;0;0;0;;;;;0;1;0;0;0
14/08/2014;17:57:00;94;sem vítima;500;BR-116/RS;Norte;Saída de Pista;1;0;0;0;0;0;;;;;2;0;0;0;0
14/08/2014;23:39:00;126;com vítima;65,5;BR-392/RS;Sul;Colisão Traseira;0;0;0;2;0;0;;;;;0;1;1;0;0
14/08/2014;10:24:00;53;sem vítima;520,9;BR-116/RS;Sul;Abalr.Transversal;3;0;0;0;0;0;;;;;3;0;0;0;0
15/08/2014;13:57:00;81;com vítima;526,5;BR-116/RS;Norte;Abalr.Transversal;1;0;0;0;0;0;;;;;3;0;1;0;0
16/08/2014;18:45:00;113;com vítima;12,2;BR-392/RS;Sul;Abalr.Transversal;2;0;0;0;0;0;;;;;0;1;1;1;0
16/08/2014;21:06:00;126;com vítima;551;BR-116/RS;Sul;Colisão Frontal;1;0;0;1;0;0;;;;;1;0;2;0;0
16/08/2014;12:37:00;73;com vítima;568,4;BR-116/RS;Sul;Saída de Pista;1;0;0;0;0;0;;;;;0;1;0;0;0
17/08/2014;06:58:00;29;sem vítima;494,5;BR-116/RS;Sul;Tombamento;0;0;1;0;0;0;;;;;1;0;0;0;0
17/08/2014;15:46:00;84;com vítima;50,3;BR-392/RS;Norte;Tombamento;1;0;0;0;0;0;;;;;1;1;0;0;0
17/08/2014;18:54:00;104;sem vítima;526,2;BR-116/RS;Sul;Colisão Traseira;1;0;0;0;0;0;;;;;1;0;0;0;0
17/08/2014;18:59:00;105;com vítima;570,2;BR-116/RS;Norte;Saída de Pista;2;0;0;0;0;0;;;;;2;3;0;0;0
19/08/2014;15:54:00;73;com vítima;474,4;BR-116/RS;Norte;Colisão Traseira;1;0;0;0;0;0;;;;;3;0;1;0;0
19/08/2014;05:11:00;18;sem vítima;514,2;BR-116/RS;Norte;Colisão Frontal;1;0;0;0;0;0;;;;;1;0;0;0;0
19/08/2014;15:08:00;69;sem vítima;516,9;BR-116/RS;Norte;Abalr.Transversal;2;0;0;0;0;0;;;;;2;0;0;0;0
19/08/2014;07:05:00;21;sem vítima;66,9;BR-392/RS;Sul;Abalr.Transversal;1;0;0;0;0;0;;;;;3;0;0;0;0
19/08/2014;14:26:00;66;sem vítima;122,2;BR-392/RS;Norte;Abalr.Transversal;1;0;0;0;0;0;;;;;1;0;0;0;0
20/08/2014;23:52:00;126;sem vítima;5,7;BR-392/RS;Sul;Abalr.Mesmo Sentido;1;0;0;0;0;0;;;;;2;0;0;0;0
20/08/2014;10:57:00;47;com vítima;427;BR-116/RS;Sul;Abalr.Transversal;1;0;0;0;0;0;;;;;2;0;0;1;0
21/08/2014;19:22:00;113;sem vítima;449;BR-116/RS;Sul;Atropelamento;1;0;1;0;0;0;;;;;2;0;0;0;0
21/08/2014;06:41:00;20;com vítima;47,2;BR-392/RS;Sul;Saída de Pista;0;0;1;0;0;0;;;;;0;0;1;0;0
21/08/2014;06:45:00;21;com vítima;59,5;BR-392/RS;Sul;Saída de Pista;1;0;0;0;0;0;;;;;0;0;1;0;0
21/08/2014;12:11:00;53;com vítima;66,6;BR-392/RS;Sul;Abalr.Transversal;1;0;0;0;0;0;;;;;0;4;0;0;0
22/08/2014;12:52:00;81;com vítima;418,4;BR-116/RS;Norte;Saída de Pista;1;0;0;1;0;0;;;;;1;0;1;0;0
22/08/2014;10:59:00;62;sem vítima;420,8;BR-116/RS;Norte;Colisão Traseira;1;0;0;0;0;0;;;;;1;0;0;0;0
22/08/2014;13:59:00;87;sem vítima;47;BR-392/RS;Sul;Colisão Traseira;1;0;0;0;0;0;;;;;2;0;0;0;0
23/08/2014;03:45:00;18;com vítima;1,7;BR-392/RS;Norte;Colisão Frontal;3;0;0;0;0;0;;;;;0;5;0;0;0
24/08/2014;12:31:00;60;sem vítima;22,9;BR-392/RS;Sul;Saída de Pista;0;0;1;0;0;0;;;;;1;0;0;0;0
24/08/2014;07:30:00;24;sem vítima;619,4;BR-116/RS;Sul;Saída de Pista;2;0;0;0;0;0;;;;;2;0;0;0;0
25/08/2014;09:35:00;40;com vítima;9,9;BR-392/RS;Norte;Abalr.Transversal;0;0;0;1;0;0;;;;;0;1;0;0;0
25/08/2014;22:10:00;100;com vítima;18;BR-392/RS;Sul;Abalr.Mesmo Sentido;1;0;1;0;0;0;;;;;2;1;0;0;0
25/08/2014;05:35:00;22;sem vítima;23,6;BR-392/RS;Sul;Atropelamento de Animal;1;0;0;0;0;0;;;;;2;0;0;0;0
25/08/2014;16:07:00;77;com vítima;45,4;BR-392/RS;Norte;Saída de Pista;0;0;0;2;0;0;;;;;0;2;0;0;0
25/08/2014;23:09:00;101;com vítima;572,1;BR-116/RS;Norte;Saída de Pista;1;0;0;0;0;0;;;;;0;2;0;0;0
27/08/2014;21:21:00;138;com vítima;526,7;BR-116/RS;Sul;Atropelamento de Animal;1;0;0;1;0;0;;;;;1;0;2;0;0
28/08/2014;07:55:00;35;com vítima;176;BR-392/RS;Sul;Colisão Traseira;2;0;0;0;0;0;;;;;0;1;1;1;0
29/08/2014;08:35:00;29;sem vítima;401,3;BR-116/RS;Sul;Abalr.Mesmo Sentido;1;0;0;0;0;0;;;;;1;0;0;0;0
29/08/2014;12:17:00;58;com vítima;459;BR-116/RS;Norte;Colisão Traseira;1;0;1;0;0;0;;;;;1;0;1;0;0
29/08/2014;03:04:00;15;sem vítima;639;BR-116/RS;Norte;Saída de Pista;1;0;1;0;0;0;;;;;3;0;0;0;0
31/08/2014;06:10:00;12;sem vítima;461;BR-116/RS;Norte;Saída de Pista;2;0;0;0;0;0;;;;;11;0;0;0;0
31/08/2014;19:39:00;82;sem vítima;468,1;BR-116/RS;Norte;Saída de Pista;2;0;0;0;0;0;;;;;4;0;0;0;0
31/08/2014;04:41:00;11;com vítima;61;BR-392/RS;Sul;Saída de Pista;0;0;0;1;0;0;;;;;0;1;0;0;0
31/08/2014;08:03:00;21;sem vítima;140;BR-392/RS;Norte;Colisão Traseira;1;0;0;0;0;0;;;;;2;0;0;0;0
01/09/2014;08:14:00;23;sem vítima;405,1;BR-116/RS;Sul;Atropelamento;0;0;2;0;0;0;;;;;2;0;0;0;0
01/09/2014;08:51:00;28;com vítima;405,1;BR-116/RS;Sul;Colisão Traseira;0;0;2;0;0;0;;;;;3;1;0;0;0
02/09/2014;19:07:00;113;sem vítima;452,1;BR-116/RS;Norte;Abalr.Mesmo Sentido;3;0;0;0;0;0;;;;;5;0;0;0;0
02/09/2014;12:28:00;71;com vítima;519,7;BR-116/RS;Norte;Colisão Traseira;1;0;0;1;0;0;;;;;1;1;0;0;0
02/09/2014;11:29:00;60;com vítima;526,1;BR-116/RS;Sul;Colisão Traseira;0;0;1;1;0;0;;;;;1;2;0;0;0
03/09/2014;01:59:00;12;sem vítima;482,2;BR-116/RS;Sul;Saída de Pista;0;0;2;0;0;0;;;;;3;0;0;0;0
03/09/2014;07:14:00;21;sem vítima;38,3;BR-392/RS;Sul;Saída de Pista;1;0;3;0;0;0;;;;;6;0;0;0;0
03/09/2014;17:44:00;87;sem vítima;191,2;BR-392/RS;Sul;Colisão Frontal;2;0;0;0;0;0;;;;;2;0;0;0;0
04/09/2014;09:22:00;36;sem vítima;481,6;BR-116/RS;Norte;Colisão Traseira;0;0;2;0;1;0;;;;;4;0;0;0;0
04/09/2014;01:51:00;12;sem vítima;29,5;BR-392/RS;Sul;Atropelamento de Animal;0;0;1;0;0;0;;;;;2;0;0;0;0
05/09/2014;13:12:00;82;com vítima;415,5;BR-116/RS;Norte;Outros tipos de acidente;0;0;0;1;0;0;;;;;0;0;1;0;0
05/09/2014;19:36:00;124;sem vítima;482,3;BR-116/RS;Sul;Tombamento;1;0;1;0;0;0;;;;;3;0;0;0;0
05/09/2014;17:21:00;108;com vítima;122,2;BR-392/RS;Sul;Abalr.Transversal;1;0;0;0;0;0;;;;;0;2;0;0;0
06/09/2014;10:53:00;44;sem vítima;7,8;BR-392/RS;Sul;Abalr.Transversal;1;0;0;0;0;0;;;;;1;0;0;0;0
06/09/2014;15:36:00;75;com vítima;67;BR-392/RS;Sul;Abalr.Transversal;0;0;1;1;0;0;;;;;1;0;0;0;2
06/09/2014;12:33:00;59;sem vítima;529,7;BR-116/RS;Norte;Saída de Pista;1;0;0;0;1;0;;;;;4;0;0;0;0
07/09/2014;17:04:00;77;com vítima;463,2;BR-116/RS;Sul;Abalr.Mesmo Sentido;0;0;0;1;0;0;;;;;0;1;0;0;0
07/09/2014;16:12:00;72;com vítima;120,4;BR-392/RS;Norte;Abalr.Mesmo Sentido;2;0;0;0;0;0;;;;;2;1;0;0;0
09/09/2014;01:26:00;12;sem vítima;20;BR-392/RS;Sul;Saída de Pista;1;0;0;0;0;0;;;;;1;0;0;0;0
10/09/2014;19:54:00;106;com vítima;431,9;BR-116/RS;Norte;Saída de Pista;2;0;0;0;0;0;;;;;0;3;0;1;2
10/09/2014;10:49:00;49;com vítima;22,6;BR-392/RS;Norte;Saída de Pista;4;0;0;0;0;0;;;;;3;3;1;0;0
10/09/2014;00:05:00;1;sem vítima;29,9;BR-392/RS;Norte;Tombamento;2;0;0;0;0;0;;;;;4;0;0;0;0
10/09/2014;08:22:00;36;sem vítima;493,7;BR-116/RS;Norte;Saída de Pista;0;0;1;0;0;0;;;;;1;0;0;0;0
10/09/2014;06:57:00;28;com vítima;66,9;BR-392/RS;Sul;Abalr.Transversal;1;0;0;1;0;0;;;;;1;1;0;0;0
11/09/2014;18:08:00;88;sem vítima;14;BR-392/RS;Norte;Saída de Pista;0;0;1;0;1;0;;;;;8;0;0;0;0
11/09/2014;13:54:00;71;sem vítima;15,5;BR-392/RS;Norte;Abalr.Transversal;1;0;1;0;0;0;;;;;2;0;0;0;0
11/09/2014;22:30:00;108;sem vítima;116,1;BR-392/RS;Norte;Abalr.Mesmo Sentido;2;0;0;0;0;0;;;;;2;0;0;0;0
11/09/2014;11:37:00;53;sem vítima;166,5;BR-392/RS;Norte;Saída de Pista;0;0;2;0;0;0;;;;;4;0;0;0;0
12/09/2014;06:55:00;22;com vítima;417,1;BR-116/RS;Norte;Saída de Pista;1;0;1;0;0;0;;;;;2;1;0;0;0
12/09/2014;10:44:00;45;com vítima;48,1;BR-392/RS;Norte;Colisão Traseira;2;0;0;0;0;0;;;;;1;6;1;0;0
13/09/2014;00:57:00;10;sem vítima;61;BR-392/RS;Sul;Saída de Pista;1;0;0;0;0;0;;;;;1;0;0;0;0
13/09/2014;18:53:00;96;sem vítima;66,7;BR-392/RS;Sul;Saída de Pista;0;0;3;0;0;0;;;;;3;0;0;0;0
13/09/2014;14:29:00;74;sem vítima;555,6;BR-116/RS;Sul;Saída de Pista;1;0;0;0;0;0;;;;;2;0;0;0;0
14/09/2014;05:38:00;22;com vítima;61;BR-392/RS;Norte;Saída de Pista;1;0;0;0;0;0;;;;;0;1;0;0;0
14/09/2014;19:37:00;90;sem vítima;66,9;BR-392/RS;Sul;Saída de Pista;2;0;0;0;0;0;;;;;7;0;0;0;0
14/09/2014;09:38:00;35;com vítima;530,1;BR-116/RS;Sul;Abalr.Transversal;0;0;0;1;0;0;;;;;0;1;0;0;0
14/09/2014;18:13:00;81;sem vítima;607;BR-116/RS;Sul;Abalr.Transversal;1;0;1;0;0;0;;;;;4;0;0;0;0
15/09/2014;08:13:00;38;com vítima;51,7;BR-392/RS;Norte;Saída de Pista;1;0;0;1;0;0;;;;;2;0;1;0;0
15/09/2014;07:01:00;26;com vítima;523,3;BR-116/RS;Sul;Abalr.Mesmo Sentido;2;0;0;0;0;0;;;;;1;0;2;0;0
16/09/2014;20:28:00;134;sem vítima;413,1;BR-116/RS;Norte;Saída de Pista;1;0;1;0;0;0;;;;;3;0;0;0;0
16/09/2014;07:02:00;20;com vítima;4,2;BR-392/RS;Sul;Abalr.Transversal;1;0;1;0;0;0;;;;;1;0;1;0;0
16/09/2014;20:31:00;135;sem vítima;19,8;BR-392/RS;Norte;Colisão Traseira;1;0;0;0;0;0;;;;;1;0;0;0;0
17/09/2014;16:19:00;88;com vítima;6,5;BR-392/RS;Norte;Abalr.Transversal;1;0;1;0;0;0;;;;;1;1;1;0;0
17/09/2014;21:51:00;122;com vítima;459,6;BR-116/RS;Norte;Abalr.Transversal;0;0;1;0;0;0;;;;;0;1;0;0;0
17/09/2014;18:00:00;100;com vítima;61;BR-392/RS;Norte;Saída de Pista;1;0;0;0;0;0;;;;;1;0;0;2;0
17/09/2014;18:12:00;101;com vítima;66,5;BR-392/RS;Norte;Abalr.Transversal;1;0;0;1;0;0;;;;;3;1;0;0;0
17/09/2014;18:39:00;105;com vítima;521;BR-116/RS;Norte;Abalr.Transversal;0;0;0;1;0;0;;;;;0;1;0;0;0
19/09/2014;15:55:00;100;com vítima;12,5;BR-392/RS;Norte;Abalr.Mesmo Sentido;1;0;0;0;0;0;;;;;0;3;0;0;0
19/09/2014;19:15:00;123;com vítima;508,2;BR-116/RS;Sul;Colisão Traseira;1;0;0;0;0;0;;;;;1;1;0;0;0
19/09/2014;21:57:00;137;com vítima;523,5;BR-116/RS;Norte;Abalr.Transversal;1;0;0;0;0;0;;;;;2;2;0;0;0
19/09/2014;21:18:00;135;com vítima;529,3;BR-116/RS;Sul;Abalr.Transversal;0;0;1;0;0;0;;;;;0;0;2;1;0
20/09/2014;07:01:00;23;sem vítima;1,5;BR-392/RS;Sul;Colisão Frontal;1;0;1;0;0;0;;;;;2;0;0;0;0
20/09/2014;19:27:00;94;com vítima;512,5;BR-116/RS;Sul;Abalr.Transversal;1;0;0;0;0;0;;;;;0;1;0;0;0
20/09/2014;20:08:00;103;com vítima;61;BR-392/RS;Norte;Tombamento;0;1;0;1;0;0;;;;;0;1;1;0;0
21/09/2014;18:32:00;84;com vítima;527,5;BR-116/RS;Norte;Colisão Traseira;1;0;0;1;0;0;;;;;1;1;0;0;0
21/09/2014;11:31:00;44;com vítima;529;BR-116/RS;Norte;Colisão Traseira;2;0;0;0;0;0;;;;;2;1;0;0;0
21/09/2014;15:31:00;67;sem vítima;563,4;BR-116/RS;Sul;Abalr.Transversal;0;0;3;0;1;0;;;;;6;0;0;0;0
22/09/2014;09:52:00;47;sem vítima;494;BR-116/RS;Sul;Saída de Pista;2;0;0;0;0;0;;;;;7;0;0;0;0
22/09/2014;15:22:00;79;sem vítima;501;BR-116/RS;Norte;Saída de Pista;1;0;1;0;0;0;;;;;3;0;0;0;0
22/09/2014;12:41:00;65;com vítima;82,2;BR-392/RS;Sul;Abalr.Mesmo Sentido;0;0;1;0;0;0;;;;;2;0;1;0;0
22/09/2014;08:19:00;37;sem vítima;189;BR-392/RS;Norte;Abalr.Transversal;1;0;1;0;0;0;;;;;2;0;0;0;0
23/09/2014;19:33:00;98;com vítima;37,8;BR-392/RS;Sul;Saída de Pista;1;0;0;1;0;0;;;;;1;0;0;2;0
23/09/2014;13:07:00;63;sem vítima;490,1;BR-116/RS;Norte;Atropelamento;3;0;0;0;0;0;;;;;4;0;0;0;0
23/09/2014;15:56:00;77;sem vítima;517;BR-116/RS;Norte;Colisão Frontal;0;0;1;0;0;0;;;;;1;0;0;0;0
23/09/2014;07:57:00;34;com vítima;78,9;BR-392/RS;Norte;Saída de Pista;1;0;0;1;0;0;;;;;1;1;0;0;0
24/09/2014;19:47:00;126;com vítima;453;BR-116/RS;Sul;Saída de Pista;1;0;1;0;0;0;;;;;1;0;1;0;0
24/09/2014;13:19:00;76;sem vítima;530,1;BR-116/RS;Norte;Abalr.Transversal;1;0;1;0;0;0;;;;;2;0;0;0;0
24/09/2014;10:06:00;52;com vítima;536,4;BR-116/RS;Norte;Colisão Traseira;2;0;1;0;0;0;;;;;3;2;0;0;0
24/09/2014;19:25:00;124;sem vítima;114,3;BR-392/RS;Sul;Colisão Frontal;1;0;1;0;0;0;;;;;4;0;0;0;0
25/09/2014;20:16:00;99;com vítima;424,9;BR-116/RS;Norte;Colisão Traseira;1;0;0;1;0;0;;;;;1;2;0;0;0
25/09/2014;23:29:00;106;sem vítima;26,1;BR-392/RS;Sul;Atropelamento de Animal;1;0;0;0;0;0;;;;;5;0;0;0;0
25/09/2014;08:48:00;30;com vítima;503,1;BR-116/RS;Sul;Colisão Traseira;2;0;0;0;0;0;;;;;2;1;0;0;0
25/09/2014;22:45:00;104;sem vítima;48,1;BR-392/RS;Norte;Saída de Pista;2;0;0;0;0;0;;;;;2;0;0;0;0
26/09/2014;13:25:00;53;com vítima;523,5;BR-116/RS;Norte;Abalr.Mesmo Sentido;2;0;0;0;0;0;;;;;2;0;2;0;0
26/09/2014;07:58:00;28;com vítima;525,9;BR-116/RS;Sul;Abalr.Mesmo Sentido;1;0;0;0;0;0;;;;;1;1;0;0;0
27/09/2014;21:31:00;101;sem vítima;453,7;BR-116/RS;Sul;Saída de Pista;1;0;0;1;0;0;;;;;5;0;0;0;0
27/09/2014;13:49:00;66;sem vítima;526,4;BR-116/RS;Norte;Abalr.Mesmo Sentido;3;0;0;0;0;0;;;;;5;0;0;0;0
28/09/2014;16:36:00;57;sem vítima;524,1;BR-116/RS;Sul;Abalr.Transversal;1;0;0;0;0;0;;;;;1;0;0;0;0