data;horario;n_da_ocorrencia;tipo_de_ocorrencia;km;trecho;sentido;tipo_de_acidente;automovel;bicicleta;caminhao;moto;onibus;outros;tracao_animal;transporte_de_cargas_especiais;trator_maquinas;utilitarios;ilesos;levemente_feridos;moderadamente_feridos;gravemente_feridos;mortos
12/10/2015;01:58:00;13;sem vítima;526,4;BR-116/RS;Sul;Saída de Pista;1;0;1;0;0;0;;;;;3;0;0;0;0
13/10/2015;06:59:00;25;com vítima;11,3;BR-293/RS;Norte;Saída de Pista;0;0;0;0;1;0;;;;;1;0;1;0;0
13/10/2015;07:54:00;26;sem vítima;496,9;BR-116/RS;Sul;Saída de Pista;0;0;1;0;0;0;;;;;1;0;0;0;0
13/10/2015;10:47:00;44;sem vítima;565;BR-116/RS;Norte;Colisão Traseira;0;0;1;0;0;0;;;;;1;0;0;0;0
14/10/2015;04:37:00;14;com vítima;6,3;BR-392/RS;Norte;Colisão com Objeto Fixo;0;0;1;1;0;0;;;;;1;0;1;0;0
14/10/2015;21:00:00;98;sem vítima;51,5;BR-392/RS;Norte;Outros tipos de acidente;0;0;1;0;0;0;;;;;1;0;0;0;0
14/10/2015;18:09:00;82;sem vítima;522;BR-116/RS;Norte;Colisão com Objeto Fixo;1;0;0;0;0;0;;;;;2;0;0;0;0
14/10/2015;16:57:00;77;sem vítima;68;BR-392/RS;Norte;Colisão Traseira;0;0;1;0;0;0;;;;;2;0;0;0;0
15/10/2015;07:34:00;21;sem vítima;43,7;BR-392/RS;Norte;Saída de Pista;1;0;0;0;0;0;;;;;1;0;0;0;0
17/10/2015;14:48:00;56;com vítima;640,1;BR-116/RS;Sul;Colisão Frontal;0;0;0;1;0;0;;;;;0;0;1;0;0
19/10/2015;21:35:00;93;sem vítima;5,3;BR-392/RS;Norte;Colisão Frontal;0;0;1;0;0;0;;;;;1;0;0;0;0
19/10/2015;21:10:00;92;sem vítima;23;BR-392/RS;Norte;Abalr. Mesmo Sentido;1;0;1;0;0;0;;;;;3;0;0;0;0
20/10/2015;21:16:00;90;sem vítima;12,1;BR-392/RS;Norte;Abalr. Transversal;1;0;0;0;0;0;;;;;4;0;0;0;0
21/10/2015;08:43:00;24;com vítima;481,7;BR-116/RS;Sul;Saída de Pista;0;0;1;1;0;0;;;;;1;0;0;1;0
21/10/2015;11:27:00;44;com vítima;87,1;BR-392/RS;Norte;Colisão Traseira;1;0;1;0;0;0;;;;;2;1;0;0;0
22/10/2015;01:16:00;12;com vítima;523,4;BR-116/RS;Sul;Saída de Pista;0;0;1;1;0;0;;;;;2;1;0;0;0
22/10/2015;10:57:00;47;sem vítima;524,4;BR-116/RS;Norte;Tombamento;1;0;0;0;0;0;;;;;1;0;0;0;0
24/10/2015;02:10:00;14;com vítima;33,8;BR-392/RS;Norte;Atropelamento de Animal;1;0;0;0;0;0;;;;;0;1;0;0;0
25/10/2015;17:12:00;62;sem vítima;55,8;BR-392/RS;Norte;Saída de Pista;1;0;0;0;0;0;;;;;4;0;0;0;0
27/10/2015;14:11:00;50;com vítima;522,9;BR-116/RS;Norte;Colisão Frontal;0;1;0;1;0;0;;;;;0;2;0;0;0
29/10/2015;11:56:00;45;sem vítima;4,3;BR-392/RS;Sul;Abalr. Transversal;2;0;0;0;0;0;;;;;3;0;0;0;0
29/10/2015;21:08:00;81;com vítima;30,2;BR-392/RS;Norte;Atropelamento;1;0;0;1;0;0;;;;;0;2;0;0;0
29/10/2015;22:28:00;84;sem vítima;530,1;BR-116/RS;Sul;Abalr. Transversal;0;0;1;0;0;0;;;;;1;0;0;0;0
30/10/2015;20:48:00;78;sem vítima;427,3;BR-116/RS;Norte;Abalr. Transversal;2;0;0;0;0;0;;;;;2;0;0;0;0
31/10/2015;14:39:00;58;sem vítima;40,7;BR-392/RS;Sul;Saída de Pista;1;0;1;0;0;0;;;;;3;0;0;0;0
31/10/2015;04:30:00;9;sem vítima;100;BR-392/RS;Norte;Saída de Pista;1;0;0;0;0;1;;;;;2;0;0;0;0
02/11/2015;17:27:00;43;sem vítima;563,4;BR-116/RS;Sul;Abalr. Transversal;2;0;0;0;0;0;;;;;5;0;0;0;0
03/11/2015;14:28:00;57;com vítima;403,8;BR-116/RS;Sul;Saída de Pista;1;0;0;0;0;0;;;;;0;1;0;0;0
03/11/2015;22:06:00;94;sem vítima;428,5;BR-116/RS;Sul;Colisão Traseira;0;0;1;0;0;0;;;;;2;0;0;0;0
03/11/2015;13:30:00;50;sem vítima;525,7;BR-116/RS;Sul;Abalr. Transversal;1;0;0;0;0;0;;;;;2;0;0;0;0
03/11/2015;20:45:00;92;sem vítima;85,7;BR-392/RS;Sul;Saída de Pista;2;0;0;0;0;0;;;;;4;0;0;0;0
04/11/2015;18:27:00;73;sem vítima;520,6;BR-116/RS;Sul;Colisão Traseira;1;0;1;0;0;0;;;;;2;0;0;0;0
04/11/2015;10:56:00;40;sem vítima;98,2;BR-392/RS;Sul;Saída de Pista;2;0;0;0;0;0;;;;;5;0;0;0;0
05/11/2015;11:03:00;34;sem vítima;7,5;BR-392/RS;Sul;Colisão Traseira;2;0;0;0;0;0;;;;;4;0;0;0;0
05/11/2015;11:12:00;35;sem vítima;145,6;BR-392/RS;Sul;Colisão Traseira;2;0;0;0;0;0;;;;;7;0;0;0;0
07/11/2015;09:24:00;29;sem vítima;498,2;BR-116/RS;Sul;Colisão Traseira;1;0;0;0;0;0;;;;;1;0;0;0;0
07/11/2015;11:15:00;40;com vítima;47,1;BR-392/RS;Norte;Saída de Pista;1;0;0;0;0;0;;;;;0;1;0;0;0
07/11/2015;10:11:00;34;com vítima;530;BR-116/RS;Norte;Abalr. Transversal;1;0;0;1;0;0;;;;;1;0;1;0;0
08/11/2015;23:20:00;90;com vítima;5;BR-392/RS;Sul;Saída de Pista;0;1;1;0;0;0;;;;;1;0;1;0;0
08/11/2015;06:46:00;17;com vítima;6,5;BR-392/RS;Sul;Saída de Pista;0;0;0;1;0;0;;;;;0;0;1;0;0
08/11/2015;21:42:00;83;com vítima;21;BR-392/RS;Sul;Atropelamento de Animal;0;0;1;0;1;0;;;;;13;3;1;1;0
08/11/2015;00:40:00;8;com vítima;52,3;BR-392/RS;Norte;Colisão Traseira;0;0;1;1;0;0;;;;;1;1;0;0;0
09/11/2015;05:24:00;14;sem vítima;124,9;BR-392/RS;Norte;Abalr. Transversal;1;0;1;0;0;0;;;;;2;0;0;0;0
11/11/2015;21:32:00;98;sem vítima;402,7;BR-116/RS;Norte;Colisão Frontal;1;0;1;0;0;0;;;;;2;0;0;0;0
11/11/2015;13:46:00;54;com vítima;463,4;BR-116/RS;Norte;Saída de Pista;2;0;0;0;0;0;;;;;3;1;0;0;0
12/11/2015;23:55:00;82;sem vítima;63,5;BR-392/RS;Sul;Abalr. Sentido Oposto;2;0;0;0;0;0;;;;;2;0;0;0;0
13/11/2015;22:33:00;96;com vítima;48,9;BR-392/RS;Norte;Saída de Pista;2;0;0;0;0;0;;;;;1;1;0;0;0
14/11/2015;00:58:00;8;sem vítima;51,5;BR-392/RS;Norte;Colisão Traseira;1;0;0;0;0;0;;;;;1;0;0;0;0
14/11/2015;01:22:00;10;sem vítima;93,7;BR-392/RS;Norte;Colisão com Objeto Fixo;1;0;0;0;0;0;;;;;2;0;0;0;0
15/11/2015;15:33:00;56;sem vítima;61,1;BR-392/RS;Norte;Tombamento;1;0;1;0;0;0;;;;;4;0;0;0;0
17/11/2015;07:47:00;16;sem vítima;8,5;BR-392/RS;Sul;Abalr. Mesmo Sentido;1;0;0;0;0;0;;;;;2;0;0;0;0
18/11/2015;21:49:00;89;sem vítima;430,4;BR-116/RS;Sul;Colisão com Objeto Fixo;0;0;1;0;1;0;;;;;2;0;0;0;0
18/11/2015;22:07:00;90;sem vítima;450;BR-116/RS;Sul;Saída de Pista;1;0;1;0;0;0;;;;;2;0;0;0;0
19/11/2015;18:24:00;74;com vítima;52,3;BR-392/RS;Norte;Colisão Traseira;1;0;0;1;0;0;;;;;1;1;0;0;0
20/11/2015;12:02:00;46;sem vítima;29,6;BR-392/RS;Norte;Atropelamento;0;0;0;1;1;0;;;;;2;0;0;0;0
20/11/2015;23:31:00;101;sem vítima;630,4;BR-116/RS;Norte;Atropelamento de Animal;1;0;0;0;0;0;;;;;1;0;0;0;0
21/11/2015;13:29:00;45;com vítima;25,3;BR-392/RS;Sul;Colisão Traseira;1;0;0;1;0;0;;;;;1;1;0;0;0
21/11/2015;11:32:00;38;sem vítima;595,8;BR-116/RS;Sul;Saída de Pista;1;0;1;0;0;0;;;;;4;0;0;0;0
22/11/2015;14:49:00;51;sem vítima;17,1;BR-392/RS;Sul;Tombamento;2;0;0;0;0;0;;;;;2;0;0;0;0
22/11/2015;13:49:00;49;com vítima;526,3;BR-116/RS;Norte;Saída de Pista;1;0;1;0;0;0;;;;;1;0;0;0;1
23/11/2015;19:02:00;82;com vítima;517,9;BR-116/RS;Sul;Abalr. Mesmo Sentido;0;0;1;1;0;0;;;;;1;0;0;0;1
23/11/2015;13:41:00;56;sem vítima;589,9;BR-116/RS;Norte;Saída de Pista;1;0;1;0;0;0;;;;;2;0;0;0;0
23/11/2015;16:57:00;75;sem vítima;606,2;BR-116/RS;Sul;Abalr. Transversal;1;0;0;0;0;0;;;;;3;0;0;0;0
24/11/2015;07:49:00;12;sem vítima;12;BR-392/RS;Norte;Saída de Pista;1;0;1;0;0;0;;;;;6;0;0;0;0
24/11/2015;13:43:00;53;com vítima;543,4;BR-116/RS;Sul;Saída de Pista;0;0;1;1;0;0;;;;;1;0;0;1;1
25/11/2015;09:58:00;30;sem vítima;51,1;BR-392/RS;Norte;Saída de Pista;1;0;0;0;0;0;;;;;4;0;0;0;0
27/11/2015;17:21:00;72;com vítima;12,5;BR-392/RS;Norte;Saída de Pista;3;0;0;1;0;0;;;;;3;0;1;0;0
27/11/2015;14:00:00;56;com vítima;60,9;BR-392/RS;Sul;Saída de Pista;2;0;0;0;0;1;;;;;2;0;0;0;1
27/11/2015;18:30:00;82;com vítima;63,4;BR-392/RS;Norte;Saída de Pista;0;0;0;1;0;0;;;;;0;2;0;0;0
27/11/2015;21:00:00;97;com vítima;530,4;BR-116/RS;Norte;Atropelamento de Animal;0;0;0;1;0;0;;;;;0;0;1;0;0
28/11/2015;17:10:00;70;sem vítima;42,7;BR-392/RS;Sul;Colisão com Objeto Fixo;3;0;0;0;0;0;;;;;3;0;0;0;0
29/11/2015;20:07:00;81;sem vítima;611,5;BR-116/RS;Sul;Abalr. Transversal;1;0;0;0;0;0;;;;;3;0;0;0;0
29/11/2015;15:19:00;53;sem vítima;638,9;BR-116/RS;Sul;Tombamento;0;0;1;1;0;0;;;;;2;0;0;0;0
30/11/2015;22:57:00;93;com vítima;482,1;BR-116/RS;Sul;Saída de Pista;0;0;1;0;0;1;;;;;3;2;0;0;0
01/12/2015;15:23:00;63;com vítima;0,4;BR-392/RS;Sul;Abalr. Transversal;2;0;0;1;0;0;;;;;2;1;0;0;0
03/12/2015;02:05:00;17;com vítima;4,9;BR-392/RS;Norte;Saída de Pista;1;0;1;0;0;0;;;;;1;0;1;0;0
03/12/2015;18:26:00;144;com vítima;528,4;BR-116/RS;Sul;Abalr. Transversal;0;0;2;0;0;0;;;;;1;0;1;0;0
04/12/2015;23:38:00;179;sem vítima;4,9;BR-392/RS;Norte;Colisão Traseira;2;0;0;0;0;0;;;;;3;0;0;0;0
04/12/2015;07:45:00;55;sem vítima;7,2;BR-392/RS;Sul;Colisão Traseira;1;0;1;0;0;0;;;;;5;0;0;0;0
04/12/2015;21:52:00;159;sem vítima;427,5;BR-116/RS;Sul;Abalr. Transversal;0;0;1;0;0;0;;;;;2;0;0;0;0
04/12/2015;15:30:00;118;sem vítima;522;BR-116/RS;Sul;Tombamento;1;0;0;0;0;0;;;;;1;0;0;0;0
05/12/2015;10:10:00;63;sem vítima;21;BR-392/RS;Sul;Saída de Pista;2;0;0;0;0;0;;;;;2;0;0;0;0
05/12/2015;11:00:00;68;com vítima;512;BR-116/RS;Sul;Abalr. Mesmo Sentido;0;0;0;0;0;1;;;;;1;0;0;0;1
06/12/2015;04:49:00;13;sem vítima;119,9;BR-392/RS;Norte;Saída de Pista;2;0;0;0;0;0;;;;;3;0;0;0;0
09/12/2015;00:52:00;9;sem vítima;464,8;BR-116/RS;Sul;Abalr. Sentido Oposto;1;0;0;0;0;0;;;;;1;0;0;0;0
09/12/2015;17:38:00;137;com vítima;464,8;BR-116/RS;Sul;Abalr. Transversal;0;0;1;1;0;0;;;;;1;0;0;1;0
09/12/2015;16:55:00;134;com vítima;65,9;BR-392/RS;Sul;Abalr. Transversal;1;0;1;0;0;0;;;;;1;0;1;0;0
10/12/2015;02:17:00;19;sem vítima;519,4;BR-116/RS;Norte;Atropelamento de Animal;1;0;0;0;0;0;;;;;1;0;0;0;0
10/12/2015;19:22:00;151;com vítima;544,5;BR-116/RS;Norte;Saída de Pista;1;0;0;0;0;0;;;;;0;1;0;0;0
11/12/2015;07:33:00;31;com vítima;487,8;BR-116/RS;Sul;Atropelamento;0;0;0;1;0;0;;;;;0;1;0;0;0
11/12/2015;14:33:00;90;sem vítima;40;BR-392/RS;Sul;Outros tipos de acidente;1;0;1;0;0;0;;;;;3;0;0;0;0
14/12/2015;13:48:00;114;com vítima;543,6;BR-116/RS;Sul;Saída de Pista;1;0;0;0;0;0;;;;;0;0;2;0;0
14/12/2015;12:43:00;106;sem vítima;585,5;BR-116/RS;Sul;Saída de Pista;0;0;2;0;0;0;;;;;2;0;0;0;0
15/12/2015;16:08:00;93;com vítima;66,4;BR-392/RS;Sul;Colisão Traseira;1;0;0;0;0;0;;;;;0;0;1;0;0
15/12/2015;02:07:00;12;sem vítima;648;BR-116/RS;Norte;Colisão Frontal;0;0;1;0;0;0;;;;;1;0;0;0;0
16/12/2015;12:04:00;87;sem vítima;427,5;BR-116/RS;Sul;Abalr. Transversal;0;0;2;0;0;0;;;;;3;0;0;0;0
16/12/2015;09:16:00;66;sem vítima;504,2;BR-116/RS;Norte;Saída de Pista;1;0;0;0;0;0;;;;;1;0;0;0;0
16/12/2015;12:33:00;89;sem vítima;516,9;BR-116/RS;Norte;Abalr. Transversal;0;0;1;0;1;0;;;;;26;0;0;0;0
16/12/2015;22:26:00;146;com vítima;523,2;BR-116/RS;Norte;Colisão com Objeto Fixo;1;0;2;0;0;0;;;;;2;1;0;0;0
17/12/2015;12:43:00;84;com vítima;34,6;BR-392/RS;Sul;Saída de Pista;1;0;0;0;0;0;;;;;0;1;0;0;0
18/12/2015;23:00:00;167;sem vítima;519,9;BR-116/RS;Norte;Atropelamento;1;0;0;0;0;0;;;;;1;0;0;0;0
23/12/2015;18:50:00;127;com vítima;441,8;BR-116/RS;Norte;Saída de Pista;1;0;1;0;0;0;;;;;1;0;1;0;0
23/12/2015;18:57:00;129;sem vítima;477,4;BR-116/RS;Sul;Abalr. Sentido Oposto;1;0;0;0;0;0;;;;;2;0;0;0;0
23/12/2015;17:36:00;121;com vítima;34,3;BR-392/RS;Norte;Saída de Pista;0;0;1;0;0;0;;;;;1;0;0;0;1
23/12/2015;07:27:00;21;sem vítima;144,5;BR-392/RS;Sul;Saída de Pista;1;0;1;0;0;0;;;;;3;0;0;0;0
23/12/2015;09:41:00;57;sem vítima;170;BR-392/RS;Norte;Saída de Pista;0;0;2;0;0;0;;;;;2;0;0;0;0
23/12/2015;14:34:00;99;sem vítima;170;BR-392/RS;Norte;Saída de Pista;1;0;1;0;0;0;;;;;2;0;0;0;0
23/12/2015;14:14:00;96;sem vítima;175,1;BR-392/RS;Norte;Saída de Pista;2;0;1;0;0;0;;;;;6;0;0;0;0
24/12/2015;15:00:00;84;sem vítima;516,9;BR-116/RS;Norte;Abalr. Transversal;0;0;1;0;0;0;;;;;1;0;0;0;0
25/12/2015;23:16:00;151;sem vítima;514,2;BR-116/RS;Norte;Colisão Traseira;1;0;0;0;0;0;;;;;1;0;0;0;0
25/12/2015;09:14:00;42;com vítima;540,8;BR-116/RS;Sul;Colisão com Objeto Fixo;2;0;0;0;0;0;;;;;1;1;0;0;0
26/12/2015;06:50:00;23;sem vítima;14,6;BR-392/RS;Norte;Saída de Pista;0;0;1;0;0;0;;;;;1;0;0;0;0
27/12/2015;18:13:00;103;sem vítima;415,4;BR-116/RS;Norte;Abalr. Sentido Oposto;2;0;1;0;0;0;;;;;4;0;0;0;0
27/12/2015;17:24:00;98;sem vítima;20,5;BR-392/RS;Norte;Colisão Traseira;2;0;0;0;0;0;;;;;6;0;0;0;0
28/12/2015;13:05:00;82;com vítima;449,6;BR-116/RS;Sul;Colisão Traseira;0;0;1;1;0;0;;;;;1;0;2;0;0
30/12/2015;16:36:00;108;sem vítima;24,6;BR-392/RS;Norte;Saída de Pista;0;0;1;0;0;0;;;;;2;0;0;0;0
30/12/2015;11:37:00;70;sem vítima;503,7;BR-116/RS;Sul;Saída de Pista;1;0;1;2;0;0;;;;;4;0;0;0;0
02/01/2016;21:55:00;166;com vítima;18;BR-392/RS;Sul;Atropelamento - Animal;1;0;0;0;0;0;;;;;0;1;0;0;0
02/01/2016;05:06:00;42;com vítima;59,2;BR-392/RS;Sul;Colisão com Objeto Fixo;0;0;0;1;0;0;;;;;0;1;0;0;0
03/01/2016;22:48:00;139;sem vítima;518,3;BR-116/RS;Sul;Saída de Pista;0;0;2;0;0;0;;;;;2;0;0;0;0
05/01/2016;20:07:00;129;com vítima;26,4;BR-392/RS;Norte;Atropelamento;0;0;0;2;0;0;;;;;0;0;2;0;0
05/01/2016;15:03:00;99;sem vítima;619,3;BR-116/RS;Norte;Saída de Pista;1;0;0;0;0;0;;;;;1;0;0;0;0
08/01/2016;15:01:00;88;com vítima;39,8;BR-392/RS;Norte;Saída de Pista;2;0;0;0;0;0;;;;;9;0;0;1;0
09/01/2016;13:52:00;92;com vítima;1,2;BR-392/RS;Norte;Abalroamento - Transversal;0;0;1;0;0;0;;;;;0;1;0;0;0
10/01/2016;20:47:00;131;com vítima;514,3;BR-116/RS;Norte;Colisão Traseira;0;0;1;0;0;0;;;;;0;0;1;0;0
10/01/2016;09:37:00;73;sem vítima;541;BR-116/RS;Norte;Colisão com Objeto Fixo;0;0;1;0;0;0;;;;;1;0;0;0;0
11/01/2016;18:04:00;140;com vítima;66,9;BR-392/RS;Norte;Abalroamento - Transversal;2;0;0;0;0;0;;;;;1;1;0;0;0
11/01/2016;11:10:00;90;sem vítima;529,3;BR-116/RS;Norte;Abalroamento - Transversal;1;0;0;0;0;0;;;;;2;0;0;0;0
11/01/2016;11:43:00;96;com vítima;582,8;BR-116/RS;Norte;Saída de Pista;2;0;0;0;0;0;;;;;3;0;3;1;0
12/01/2016;11:14:00;66;com vítima;512,9;BR-116/RS;Norte;Colisão Traseira;0;0;1;0;0;0;;;;;0;0;1;0;0
12/01/2016;04:18:00;12;sem vítima;566,4;BR-116/RS;Norte;Atropelamento - Animal;2;0;1;0;0;0;;;;;3;0;0;0;0
14/01/2016;12:24:00;76;com vítima;19,9;BR-392/RS;Sul;Colisão Traseira;1;0;0;1;0;0;;;;;0;1;1;0;0
14/01/2016;07:16:00;23;sem vítima;470,8;BR-116/RS;Norte;Saída de Pista;1;0;1;0;0;0;;;;;3;0;0;0;0
14/01/2016;19:32:00;122;sem vítima;552,1;BR-116/RS;Sul;Saída de Pista;1;0;0;0;0;0;;;;;1;0;0;0;0
15/01/2016;05:01:00;13;sem vítima;611,2;BR-116/RS;Norte;Atropelamento - Animal;2;0;0;0;0;0;;;;;7;0;0;0;0
15/01/2016;08:25:00;46;com vítima;193,7;BR-392/RS;Norte;Tombamento;1;0;1;0;0;0;;;;;1;0;0;1;0
16/01/2016;12:42:00;75;sem vítima;530,2;BR-116/RS;Sul;Abalroamento - Transversal;0;0;2;0;0;0;;;;;2;0;0;0;0
16/01/2016;22:53:00;154;com vítima;565,2;BR-116/RS;Sul;Colisão Frontal;1;0;0;1;0;0;;;;;1;0;1;0;0
17/01/2016;18:51:00;134;sem vítima;540,9;BR-116/RS;Norte;Colisão Traseira;1;0;1;0;0;0;;;;;6;0;0;0;0
17/01/2016;18:28:00;132;com vítima;625,2;BR-116/RS;Norte;Saída de Pista;1;0;0;0;0;0;;;;;0;0;0;0;1
18/01/2016;07:24:00;31;com vítima;1,2;BR-392/RS;Norte;Abalroamento - Transversal;1;1;0;0;0;0;;;;;1;0;1;0;0
18/01/2016;14:08:00;95;com vítima;439,7;BR-116/RS;Norte;Outros tipos de acidente;1;0;0;1;0;0;;;;;1;0;2;0;0
18/01/2016;22:41:00;161;com vítima;612,5;BR-116/RS;Sul;Colisão Traseira;2;0;0;0;0;0;;;;;2;1;0;0;0
20/01/2016;09:36:00;50;com vítima;460,2;BR-116/RS;Norte;Saída de Pista;1;0;1;0;0;0;;;;;2;1;3;0;0
21/01/2016;18:47:00;137;com vítima;524,3;BR-116/RS;Sul;Abalroamento - Transversal;1;0;0;1;0;0;;;;;2;0;1;0;0
22/01/2016;22:06:00;152;sem vítima;518,1;BR-116/RS;Norte;Colisão com Objeto Fixo;3;0;0;0;0;0;;;;;6;0;0;0;0
23/01/2016;16:01:00;112;sem vítima;481,7;BR-116/RS;Sul;Abalroamento - Transversal;1;0;0;0;0;0;;;;;4;0;0;0;0
23/01/2016;17:52:00;136;sem vítima;107,2;BR-392/RS;Norte;Saída de Pista;0;0;0;1;0;0;;;;;2;0;0;0;0
23/01/2016;21:43:00;169;com vítima;132,5;BR-392/RS;Norte;Abalroamento - Sentido Oposto;1;0;2;0;0;0;;;;;2;1;0;0;0
24/01/2016;01:44:00;17;sem vítima;42,2;BR-392/RS;Sul;Tombamento;1;0;0;0;0;1;;;;;2;0;0;0;0
25/01/2016;04:12:00;24;sem vítima;452,3;BR-116/RS;Sul;Saída de Pista;1;0;0;0;0;0;;;;;1;0;0;0;0
25/01/2016;07:00:00;46;sem vítima;476,5;BR-116/RS;Norte;Colisão Frontal;1;0;1;0;0;0;;;;;5;0;0;0;0
25/01/2016;18:21:00;139;com vítima;525;BR-116/RS;Norte;Colisão Traseira;1;0;0;0;0;0;;;;;0;1;0;0;0
27/01/2016;10:37:00;66;com vítima;41,2;BR-392/RS;Norte;Saída de Pista;1;0;0;1;0;0;;;;;0;1;2;0;0
28/01/2016;18:10:00;119;com vítima;516,8;BR-116/RS;Sul;Abalroamento - Transversal;0;0;3;0;0;0;;;;;2;0;1;0;0
29/01/2016;08:16:00;37;sem vítima;483,5;BR-116/RS;Norte;Saída de Pista;2;0;0;0;0;0;;;;;4;0;0;0;0
29/01/2016;19:32:00;127;com vítima;48,9;BR-392/RS;Norte;Saída de Pista;2;0;0;0;0;0;;;;;2;0;2;0;0
29/01/2016;17:38:00;114;sem vítima;96,4;BR-392/RS;Sul;Saída de Pista;0;0;1;0;0;0;;;;;1;0;0;0;0
29/01/2016;15:03:00;93;sem vítima;529,3;BR-116/RS;Norte;Colisão Traseira;2;0;0;0;0;0;;;;;3;0;0;0;0
30/01/2016;02:32:00;15;sem vítima;482,2;BR-116/RS;Sul;Tombamento;2;0;0;0;0;0;;;;;6;0;0;0;0
30/01/2016;04:59:00;23;com vítima;54,6;BR-392/RS;Norte;Colisão Traseira;1;0;1;1;0;0;;;;;2;1;0;0;0
31/01/2016;20:05:00;115;com vítima;40,8;BR-392/RS;Norte;Atropelamento - Animal;2;0;0;0;0;0;;;;;0;2;0;0;0
01/02/2016;02:02:00;15;com vítima;482,2;BR-116/RS;Sul;Outros tipos de acidente;1;0;0;0;0;0;;;;;1;2;1;0;0
01/02/2016;17:48:00;116;sem vítima;67;BR-392/RS;Sul;Tombamento;1;0;0;0;0;0;;;;;3;0;0;0;0
01/02/2016;19:07:00;122;sem vítima;611,8;BR-116/RS;Sul;Abalroamento - Transversal;1;0;0;0;0;0;;;;;2;0;0;0;0
02/02/2016;16:18:00;100;sem vítima;536,1;BR-116/RS;Sul;Tombamento;1;0;0;0;0;0;;;;;1;0;0;0;0
03/02/2016;14:19:00;108;sem vítima;506,9;BR-116/RS;Sul;Tombamento;1;0;0;1;0;0;;;;;2;0;0;0;0
04/02/2016;21:59:00;157;sem vítima;2,8;BR-392/RS;Sul;Atropelamento - Animal;1;0;0;0;0;0;;;;;1;0;0;0;0
04/02/2016;15:20:00;112;sem vítima;7,8;BR-392/RS;Norte;Abalroamento - Mesmo Sentido;1;0;0;0;0;0;;;;;1;0;0;0;0
05/02/2016;18:43:00;115;sem vítima;414,5;BR-116/RS;Sul;Saída de Pista;0;0;2;0;0;0;;;;;2;0;0;0;0
05/02/2016;13:09:00;78;com vítima;6,3;BR-392/RS;Sul;Abalroamento - Mesmo Sentido;1;0;1;0;0;0;;;;;4;0;1;0;0
06/02/2016;01:22:00;10;sem vítima;116;BR-392/RS;Norte;Colisão Frontal;0;0;1;0;0;0;;;;;1;0;0;0;0
06/02/2016;19:08:00;160;sem vítima;558,6;BR-116/RS;Sul;Abalroamento - Mesmo Sentido;1;0;1;0;0;0;;;;;3;0;0;0;0
07/02/2016;10:11:00;80;sem vítima;448;BR-116/RS;Sul;Saída de Pista;2;0;0;0;0;0;;;;;5;0;0;0;0
07/02/2016;02:04:00;18;sem vítima;25;BR-392/RS;Norte;Abalroamento - Transversal;3;0;0;0;0;0;;;;;3;0;0;0;0
07/02/2016;05:58:00;40;sem vítima;112,4;BR-392/RS;Norte;Tombamento;1;0;1;0;0;0;;;;;2;0;0;0;0
08/02/2016;09:54:00;50;sem vítima;77,8;BR-392/RS;Sul;Saída de Pista;1;0;0;0;0;0;;;;;1;0;0;0;0
09/02/2016;20:37:00;142;com vítima;481,8;BR-116/RS;Norte;Abalroamento - Transversal;1;0;1;0;0;0;;;;;1;1;0;1;0
10/02/2016;06:00:00;43;sem vítima;521,7;BR-116/RS;Norte;Colisão Traseira;1;0;0;0;0;1;;;;;3;0;0;0;0
10/02/2016;09:04:00;83;com vítima;615,9;BR-116/RS;Norte;Saída de Pista;1;0;0;0;0;0;;;;;0;0;1;0;1
11/02/2016;07:32:00;26;sem vítima;2,8;BR-392/RS;Norte;Abalroamento - Mesmo Sentido;0;0;2;0;0;0;;;;;5;0;0;0;0
11/02/2016;14:59:00;99;sem vítima;483;BR-116/RS;Sul;Abalroamento - Transversal;1;0;0;0;0;1;;;;;5;0;0;0;0
12/02/2016;00:40:00;6;com vítima;71;BR-392/RS;Sul;Tombamento;1;1;0;0;0;0;;;;;1;0;0;0;1
13/02/2016;14:43:00;92;com vítima;2;BR-392/RS;Norte;Colisão Frontal;1;0;0;1;0;0;;;;;1;1;0;0;0
13/02/2016;06:48:00;23;sem vítima;68,2;BR-392/RS;Sul;Outros tipos de acidente;0;0;3;0;0;0;;;;;3;0;0;0;0
14/02/2016;22:44:00;138;sem vítima;533,7;BR-116/RS;Sul;Tombamento;1;0;1;0;0;0;;;;;4;0;0;0;0
15/02/2016;06:47:00;27;sem vítima;478,1;BR-116/RS;Sul;Colisão Frontal;2;0;0;0;0;0;;;;;6;0;0;0;0
15/02/2016;03:53:00;18;sem vítima;41,8;BR-392/RS;Sul;Tombamento;1;0;1;0;0;0;;;;;2;0;0;0;0
17/02/2016;15:29:00;94;sem vítima;16,4;BR-392/RS;Norte;Colisão Traseira;3;0;0;0;0;1;;;;;6;0;0;0;0
17/02/2016;17:30:00;105;com vítima;455,2;BR-116/RS;Norte;Abalroamento - Transversal;0;0;0;1;0;0;;;;;0;0;1;0;0