data;horario;n_da_ocorrencia;tipo_de_ocorrencia;km;trecho;sentido;tipo_de_acidente;automovel;bicicleta;caminhao;moto;onibus;outros;tracao_animal;transporte_de_cargas_especiais;trator_maquinas;utilitarios;ilesos;levemente_feridos;moderadamente_feridos;gravemente_feridos;mortos
17/02/2016;14:11:00;86;sem vítima;39,5;BR-392/RS;Norte;Saída de Pista;0;0;1;0;0;0;;;;;1;0;0;0;0
17/02/2016;08:49:00;39;com vítima;116,7;BR-392/RS;Sul;Colisão Traseira;0;0;1;1;0;0;;;;;1;1;0;0;0
17/02/2016;14:06:00;84;sem vítima;606,4;BR-116/RS;Norte;Saída de Pista;1;0;0;0;0;0;;;;;4;0;0;0;0
18/02/2016;07:06:00;34;com vítima;530,1;BR-116/RS;Norte;Abalroamento - Transversal;0;0;0;1;0;0;;;;;0;1;0;0;0
19/02/2016;20:46:00;157;sem vítima;26,5;BR-392/RS;Norte;Atropelamento;0;0;1;2;0;0;;;;;4;0;0;0;0
19/02/2016;09:34:00;65;com vítima;520,9;BR-116/RS;Sul;Abalroamento - Transversal;0;0;0;1;0;0;;;;;0;1;1;0;0
20/02/2016;22:55:00;129;sem vítima;31,8;BR-392/RS;Sul;Colisão com Objeto Fixo;1;0;1;0;0;0;;;;;2;0;0;0;0
21/02/2016;07:16:00;18;com vítima;33,7;BR-392/RS;Sul;Colisão com Objeto Fixo;1;0;0;0;0;0;;;;;1;0;1;1;0
21/02/2016;15:28:00;62;sem vítima;511,9;BR-116/RS;Sul;Tombamento;2;0;0;0;0;1;;;;;3;0;0;0;0
21/02/2016;06:22:00;15;sem vítima;57,7;BR-392/RS;Sul;Saída de Pista;0;0;2;0;0;0;;;;;2;0;0;0;0
22/02/2016;19:36:00;135;sem vítima;28,5;BR-392/RS;Sul;Atropelamento;1;0;0;0;0;0;;;;;1;0;0;0;0
22/02/2016;13:44:00;94;sem vítima;491,7;BR-116/RS;Sul;Colisão Frontal;1;0;0;1;0;0;;;;;2;0;0;0;0
22/02/2016;02:11:00;13;com vítima;73,9;BR-392/RS;Sul;Atropelamento - Animal;1;1;0;0;0;0;;;;;1;1;0;0;0
23/02/2016;20:21:00;134;com vítima;24,6;BR-392/RS;Norte;Atropelamento - Animal;1;0;0;0;0;0;;;;;0;1;1;0;0
24/02/2016;09:47:00;45;com vítima;530,1;BR-116/RS;Norte;Abalroamento - Transversal;1;0;0;0;0;0;;;;;0;1;0;0;0
24/02/2016;05:39:00;14;com vítima;599,3;BR-116/RS;Norte;Saída de Pista;2;0;0;0;0;0;;;;;2;2;1;0;0
25/02/2016;00:06:00;1;com vítima;117;BR-392/RS;Sul;Tombamento;1;0;0;0;0;0;;;;;0;3;0;0;0
28/02/2016;21:01:00;106;sem vítima;2,7;BR-392/RS;Norte;Colisão Traseira;1;0;0;0;1;0;;;;;4;0;0;0;0
29/02/2016;05:53:00;13;sem vítima;3,5;BR-392/RS;Sul;Atropelamento - Animal;0;0;1;0;0;0;;;;;1;0;0;0;0
02/03/2016;05:19:00;19;com vítima;23,1;BR-392/RS;Sul;Atropelamento - Animal;1;0;0;0;0;0;;;;;2;0;1;0;0
02/03/2016;20:11:00;120;sem vítima;525,9;BR-116/RS;Norte;Saída de Pista;2;0;0;0;0;0;;;;;4;0;0;0;0
02/03/2016;19:35:00;115;sem vítima;555,7;BR-116/RS;Norte;Saída de Pista;0;0;1;0;0;0;;;;;1;0;0;0;0
03/03/2016;11:29:00;70;com vítima;450,4;BR-116/RS;Norte;Colisão Frontal;1;0;0;0;0;0;;;;;0;1;1;0;0
03/03/2016;04:57:00;15;sem vítima;37,8;BR-392/RS;Sul;Saída de Pista;0;0;1;0;0;0;;;;;2;0;0;0;0
03/03/2016;11:11:00;67;sem vítima;530,8;BR-116/RS;Sul;Abalroamento - Transversal;2;0;0;0;0;0;;;;;3;0;0;0;0
03/03/2016;02:36:00;11;com vítima;611,7;BR-116/RS;Norte;Saída de Pista;1;0;0;1;0;0;;;;;1;1;0;0;0
06/03/2016;05:53:00;19;sem vítima;20,1;BR-392/RS;Sul;Saída de Pista;2;0;0;0;0;0;;;;;5;0;0;0;0
06/03/2016;19:53:00;118;com vítima;525,9;BR-116/RS;Sul;Abalroamento - Transversal;1;0;1;0;0;0;;;;;1;0;1;0;0
07/03/2016;03:48:00;16;sem vítima;59,8;BR-392/RS;Sul;Colisão com Objeto Fixo;1;0;1;0;0;0;;;;;2;0;0;0;0
08/03/2016;18:06:00;114;sem vítima;198,4;BR-392/RS;Sul;Tombamento;1;0;1;0;0;0;;;;;4;0;0;0;0
09/03/2016;23:15:00;151;sem vítima;40;BR-392/RS;Sul;Saída de Pista;0;0;1;0;0;0;;;;;1;0;0;0;0
09/03/2016;19:38:00;131;com vítima;530,3;BR-116/RS;Norte;Atropelamento - Animal;1;0;1;0;0;0;;;;;0;1;0;1;0
10/03/2016;06:11:00;26;com vítima;39,1;BR-392/RS;Sul;Saída de Pista;0;0;1;0;0;0;;;;;0;1;0;0;0
10/03/2016;14:31:00;113;sem vítima;99,5;BR-392/RS;Sul;Tombamento;1;0;0;0;0;0;;;;;2;0;0;0;0
11/03/2016;18:45:00;123;sem vítima;49,8;BR-392/RS;Norte;Tombamento;0;0;2;1;0;0;;;;;3;0;0;0;0
11/03/2016;10:48:00;65;sem vítima;90,2;BR-392/RS;Sul;Abalroamento - Sentido Oposto;2;0;0;0;0;0;;;;;2;0;0;0;0
11/03/2016;09:34:00;55;com vítima;100,8;BR-392/RS;Sul;Saída de Pista;1;0;0;1;0;0;;;;;1;0;1;0;0
12/03/2016;16:12:00;93;com vítima;110,3;BR-392/RS;Norte;Saída de Pista;0;0;1;1;0;0;;;;;1;1;0;1;0
13/03/2016;06:30:00;22;sem vítima;411,1;BR-116/RS;Sul;Saída de Pista;0;0;1;0;0;0;;;;;1;0;0;0;0
13/03/2016;19:12:00;102;com vítima;19,2;BR-392/RS;Sul;Tombamento;1;0;1;0;0;0;;;;;1;0;1;0;0
13/03/2016;05:47:00;20;com vítima;488,6;BR-116/RS;Norte;Colisão Frontal;0;0;0;1;0;0;;;;;0;0;1;0;0
13/03/2016;21:34:00;115;sem vítima;90,1;BR-392/RS;Sul;Tombamento;1;0;2;0;0;0;;;;;3;0;0;0;0
14/03/2016;06:17:00;28;com vítima;98,9;BR-392/RS;Norte;Abalroamento - Sentido Oposto;0;0;1;0;0;1;;;;;1;1;0;0;0
14/03/2016;19:44:00;138;com vítima;561,4;BR-116/RS;Norte;Tombamento;0;0;0;1;0;0;;;;;0;2;0;0;0
16/03/2016;08:16:00;29;sem vítima;3,3;BR-392/RS;Norte;Atropelamento;1;0;1;0;0;0;;;;;3;0;0;0;0
16/03/2016;07:13:00;23;sem vítima;12,2;BR-392/RS;Sul;Atropelamento - Animal;1;0;1;0;0;0;;;;;2;0;0;0;0
16/03/2016;09:35:00;50;com vítima;117,6;BR-392/RS;Sul;Colisão Traseira;0;0;0;1;0;0;;;;;0;0;0;1;0
17/03/2016;23:05:00;137;sem vítima;66,5;BR-392/RS;Sul;Outros tipos de acidente;1;0;0;0;0;0;;;;;2;0;0;0;0
18/03/2016;06:57:00;27;com vítima;516,5;BR-116/RS;Sul;Tombamento;1;0;0;0;0;0;;;;;0;2;0;0;0
19/03/2016;16:43:00;94;sem vítima;10;BR-392/RS;Sul;Tombamento;1;0;0;0;0;0;;;;;1;0;0;0;0
19/03/2016;23:02:00;128;sem vítima;44;BR-392/RS;Norte;Tombamento;1;0;1;0;0;0;;;;;4;0;0;0;0
19/03/2016;19:20:00;108;sem vítima;516,8;BR-116/RS;Norte;Abalroamento - Transversal;1;0;1;0;0;0;;;;;4;0;0;0;0
20/03/2016;00:01:00;1;sem vítima;14,6;BR-392/RS;Sul;Colisão com Objeto Fixo;2;0;0;0;0;0;;;;;3;0;0;0;0
20/03/2016;14:19:00;68;sem vítima;450,5;BR-116/RS;Norte;Saída de Pista;2;0;0;0;0;0;;;;;5;0;0;0;0
20/03/2016;09:03:00;38;sem vítima;530,9;BR-116/RS;Norte;Abalroamento - Transversal;0;0;1;0;0;0;;;;;1;0;0;0;0
20/03/2016;07:20:00;23;sem vítima;612;BR-116/RS;Norte;Saída de Pista;1;0;0;0;0;0;;;;;3;0;0;0;0
20/03/2016;16:52:00;81;sem vítima;192,3;BR-392/RS;Norte;Saída de Pista;2;0;0;0;0;0;;;;;2;0;0;0;0
21/03/2016;10:57:00;62;com vítima;25,2;BR-392/RS;Sul;Tombamento;1;0;0;1;0;0;;;;;1;0;1;0;0
22/03/2016;16:42:00;97;com vítima;4;BR-392/RS;Norte;Abalroamento - Transversal;1;0;0;1;0;0;;;;;1;0;0;1;0
24/03/2016;13:41:00;77;com vítima;611,5;BR-116/RS;Norte;Abalroamento - Transversal;2;0;0;0;0;0;;;;;2;0;1;0;0
25/03/2016;00:07:00;1;sem vítima;521,8;BR-116/RS;Sul;Tombamento;2;0;0;0;0;0;;;;;7;0;0;0;0
25/03/2016;16:35:00;90;com vítima;160;BR-392/RS;Norte;Saída de Pista;1;0;0;0;0;0;;;;;0;0;1;0;0
26/03/2016;09:45:00;49;sem vítima;402,7;BR-116/RS;Sul;Capotamento;1;0;1;0;0;0;;;;;2;0;0;0;0
26/03/2016;15:55:00;108;sem vítima;444,6;BR-116/RS;Sul;Colisão Traseira;1;0;0;0;0;0;;;;;2;0;0;0;0
26/03/2016;13:08:00;81;com vítima;454,5;BR-116/RS;Sul;Colisão Traseira;0;0;0;1;0;0;;;;;0;1;0;0;0
26/03/2016;03:25:00;15;com vítima;50,1;BR-392/RS;Sul;Saída de Pista;1;0;0;1;0;0;;;;;2;0;0;1;0
26/03/2016;12:44:00;77;sem vítima;107,2;BR-392/RS;Sul;Saída de Pista;1;0;0;0;0;0;;;;;1;0;0;0;0
26/03/2016;18:24:00;131;com vítima;564,2;BR-116/RS;Sul;Saída de Pista;0;0;1;0;0;0;;;;;1;0;0;0;1
27/03/2016;11:13:00;59;sem vítima;84,4;BR-392/RS;Sul;Abalroamento - Mesmo Sentido;0;0;0;0;1;0;;;;;29;0;0;0;0
28/03/2016;19:18:00;115;com vítima;62,1;BR-392/RS;Sul;Abalroamento - Transversal;0;0;1;1;0;0;;;;;1;0;1;0;0
28/03/2016;18:03:00;108;com vítima;525,9;BR-116/RS;Norte;Colisão Traseira;1;0;1;0;0;0;;;;;2;0;1;2;2
28/03/2016;11:39:00;59;sem vítima;526,5;BR-116/RS;Sul;Abalroamento - Transversal;1;0;1;0;0;0;;;;;3;0;0;0;0
29/03/2016;10:57:00;76;sem vítima;34,6;BR-392/RS;Sul;Saída de Pista;1;0;0;0;0;0;;;;;2;0;0;0;0
30/03/2016;06:55:00;32;sem vítima;28,3;BR-392/RS;Sul;Colisão Traseira;1;0;1;0;0;0;;;;;3;0;0;0;0
30/03/2016;15:17:00;104;com vítima;512;BR-116/RS;Sul;Tombamento;2;0;0;0;0;0;;;;;1;1;0;0;0
30/03/2016;05:34:00;30;com vítima;99,5;BR-392/RS;Sul;Tombamento;0;0;0;1;0;0;;;;;0;2;0;0;0
31/03/2016;06:29:00;22;sem vítima;411,7;BR-116/RS;Sul;Saída de Pista;2;0;0;0;0;0;;;;;5;0;0;0;0
31/03/2016;18:48:00;110;sem vítima;10;BR-392/RS;Norte;Tombamento;2;0;0;0;0;0;;;;;4;0;0;0;0
31/03/2016;10:28:00;53;sem vítima;494;BR-116/RS;Sul;Saída de Pista;1;0;0;0;0;0;;;;;1;0;0;0;0
31/03/2016;09:43:00;50;com vítima;72;BR-392/RS;Norte;Abalroamento - Transversal;1;0;1;0;0;0;;;;;1;0;2;0;2
01/04/2016;17:14:00;96;com vítima;439,2;BR-116/RS;Norte;Tombamento;2;0;0;0;0;0;;;;;0;3;0;0;0
01/04/2016;13:36:00;80;com vítima;470,4;BR-116/RS;Norte;Colisão Traseira;1;0;0;0;0;0;;;;;2;0;0;1;0
01/04/2016;17:36:00;100;com vítima;522,9;BR-116/RS;Norte;Abalroamento - Transversal;0;0;1;1;0;0;;;;;1;1;0;0;0
02/04/2016;14:41:00;85;com vítima;483;BR-116/RS;Sul;Tombamento;0;0;0;1;0;0;;;;;0;1;1;0;0
02/04/2016;17:13:00;111;sem vítima;42;BR-392/RS;Norte;Tombamento;2;0;0;0;0;0;;;;;4;0;0;0;0
05/04/2016;12:02:00;70;com vítima;1,3;BR-392/RS;Norte;Atropelamento;0;0;0;1;0;0;;;;;0;1;1;0;0
05/04/2016;00:05:00;2;sem vítima;419,5;BR-116/RS;Norte;Abalroamento - Sentido Oposto;1;0;2;0;0;0;;;;;8;0;0;0;0
05/04/2016;16:54:00;109;com vítima;28;BR-392/RS;Norte;Tombamento;1;1;0;0;0;0;;;;;4;1;0;0;0
05/04/2016;08:56:00;37;com vítima;33,6;BR-392/RS;Sul;Saída de Pista;1;0;0;0;0;0;;;;;1;1;0;0;0
06/04/2016;08:28:00;36;com vítima;460,2;BR-116/RS;Sul;Saída de Pista;0;0;0;1;0;0;;;;;0;1;0;0;0
07/04/2016;15:43:00;114;sem vítima;148,4;BR-392/RS;Norte;Colisão Traseira;2;0;0;0;0;0;;;;;4;0;0;0;0
08/04/2016;14:53:00;107;com vítima;119,9;BR-392/RS;Sul;Colisão Traseira;0;0;1;0;0;1;;;;;2;0;1;0;0
10/04/2016;12:33:00;59;com vítima;510,8;BR-116/RS;Norte;Saída de Pista;1;0;0;0;1;0;;;;;3;1;0;0;0
10/04/2016;07:59:00;30;sem vítima;512;BR-116/RS;Sul;Tombamento;1;0;0;0;0;0;;;;;1;0;0;0;0
11/04/2016;15:42:00;97;sem vítima;84,5;BR-392/RS;Norte;Saída de Pista;1;0;1;0;0;0;;;;;4;0;0;0;0
11/04/2016;02:16:00;14;com vítima;529,5;BR-116/RS;Sul;Colisão com Objeto Fixo;0;0;1;0;0;0;;;;;0;0;0;0;2
11/04/2016;11:48:00;75;sem vítima;568,5;BR-116/RS;Sul;Saída de Pista;1;0;0;1;0;0;;;;;2;0;0;0;0
11/04/2016;14:19:00;89;com vítima;618,3;BR-116/RS;Sul;Abalroamento - Sentido Oposto;1;0;0;0;0;0;;;;;2;0;0;0;1
13/04/2016;22:23:00;129;sem vítima;404,5;BR-116/RS;Norte;Atropelamento - Animal;2;0;0;0;0;0;;;;;5;0;0;0;0
13/04/2016;08:35:00;33;com vítima;67,3;BR-392/RS;Norte;Abalroamento - Transversal;1;0;1;0;1;0;;;;;33;1;0;0;0
14/04/2016;20:01:00;169;com vítima;613;BR-116/RS;Sul;Colisão Frontal;0;0;3;0;0;0;;;;;3;0;0;0;1
16/04/2016;17:12:00;112;com vítima;6,5;BR-392/RS;Norte;Abalroamento - Transversal;1;1;0;0;0;0;;;;;3;1;1;0;0
16/04/2016;05:48:00;18;sem vítima;482,5;BR-116/RS;Sul;Tombamento;1;0;1;0;0;0;;;;;4;0;0;0;0
16/04/2016;20:56:00;157;com vítima;530,4;BR-116/RS;Norte;Atropelamento - Animal;1;1;0;0;0;0;;;;;2;0;1;0;0
16/04/2016;19:43:00;138;sem vítima;622,4;BR-116/RS;Norte;Atropelamento - Animal;0;0;2;0;0;0;;;;;2;0;0;0;0
16/04/2016;10:08:00;59;sem vítima;193,9;BR-392/RS;Sul;Tombamento;1;0;1;0;0;0;;;;;2;0;0;0;0
17/04/2016;06:37:00;25;sem vítima;54,2;BR-392/RS;Sul;Saída de Pista;1;0;0;0;0;1;;;;;2;0;0;0;0
17/04/2016;20:29:00;128;com vítima;581,1;BR-116/RS;Sul;Colisão Traseira;1;0;0;1;0;0;;;;;1;0;0;1;0
18/04/2016;10:29:00;66;sem vítima;180,2;BR-392/RS;Sul;Colisão com Objeto Fixo;2;0;1;0;0;0;;;;;5;0;0;0;0
19/04/2016;10:16:00;69;com vítima;442;BR-116/RS;Norte;Colisão Traseira;1;0;1;0;0;0;;;;;5;0;0;1;0
19/04/2016;19:15:00;135;com vítima;58,8;BR-392/RS;Norte;Colisão Traseira;1;0;0;1;0;0;;;;;8;1;0;0;0
19/04/2016;06:17:00;32;sem vítima;67,7;BR-392/RS;Norte;Tombamento;0;0;1;0;0;0;;;;;1;0;0;0;0
19/04/2016;04:06:00;25;com vítima;526,5;BR-116/RS;Norte;Tombamento;0;0;1;0;0;0;;;;;1;0;0;0;1
19/04/2016;10:43:00;73;sem vítima;529,5;BR-116/RS;Norte;Abalroamento - Transversal;1;0;0;0;0;0;;;;;2;0;0;0;0
20/04/2016;17:19:00;107;sem vítima;87,1;BR-392/RS;Norte;Colisão Traseira;1;0;1;0;0;0;;;;;9;0;0;0;0
21/04/2016;14:19:00;67;sem vítima;475,5;BR-116/RS;Norte;Colisão Frontal;0;0;1;0;0;0;;;;;1;0;0;0;0
22/04/2016;23:25:00;123;sem vítima;18,8;BR-392/RS;Norte;Abalroamento - Transversal;1;0;2;0;0;0;;;;;3;0;0;0;0
22/04/2016;13:07:00;57;com vítima;530,2;BR-116/RS;Sul;Abalroamento - Mesmo Sentido;0;0;2;0;0;0;;;;;1;0;1;0;0
22/04/2016;17:50:00;86;sem vítima;107,3;BR-392/RS;Sul;Tombamento;1;0;0;0;0;0;;;;;3;0;0;0;0
22/04/2016;20:27:00;102;com vítima;154,1;BR-392/RS;Sul;Abalroamento - Transversal;1;0;0;0;0;0;;;;;0;0;1;0;0
23/04/2016;07:00:00;32;com vítima;18,8;BR-392/RS;Norte;Abalroamento - Transversal;0;0;0;1;0;0;;;;;0;0;2;0;0
24/04/2016;20:00:00;105;com vítima;526,4;BR-116/RS;Norte;Abalroamento - Transversal;1;0;0;0;0;0;;;;;1;4;0;0;0
24/04/2016;09:54:00;41;com vítima;108;BR-392/RS;Norte;Saída de Pista;0;0;1;1;0;0;;;;;1;0;1;0;0
24/04/2016;05:15:00;19;com vítima;110,6;BR-392/RS;Norte;Abalroamento - Sentido Oposto;0;0;1;0;0;0;;;;;0;1;0;0;0
24/04/2016;06:25:00;22;sem vítima;611,3;BR-116/RS;Norte;Saída de Pista;2;0;0;0;0;0;;;;;5;0;0;0;0
24/04/2016;23:46:00;134;com vítima;165,3;BR-392/RS;Sul;Saída de Pista;0;0;1;1;0;0;;;;;1;1;0;0;0
25/04/2016;15:09:00;88;sem vítima;61,1;BR-392/RS;Sul;Colisão Frontal;1;0;1;0;0;0;;;;;2;0;0;0;0
25/04/2016;13:22:00;73;sem vítima;95,5;BR-392/RS;Sul;Colisão Traseira;2;0;0;0;0;0;;;;;3;0;0;0;0
25/04/2016;20:19:00;123;sem vítima;549;BR-116/RS;Sul;Atropelamento - Animal;2;0;0;0;0;0;;;;;2;0;0;0;0
27/04/2016;15:45:00;106;sem vítima;479,5;BR-116/RS;Norte;Saída de Pista;1;0;0;0;0;0;1;;;;4;0;0;0;0
27/04/2016;18:45:00;130;sem vítima;524,2;BR-116/RS;Norte;Colisão com Objeto Fixo;2;0;0;0;0;0;;;;;3;0;0;0;0
27/04/2016;05:24:00;22;com vítima;657,1;BR-116/RS;Sul;Saída de Pista;2;0;0;0;0;0;;;;;7;0;1;0;0
28/04/2016;06:57:00;26;sem vítima;516,2;BR-116/RS;Norte;Colisão Traseira;0;0;2;0;0;0;;;;;2;0;0;0;0
29/04/2016;19:02:00;121;com vítima;8,9;BR-392/RS;Sul;Colisão Frontal;0;0;1;1;0;0;;;;;1;0;1;0;0
29/04/2016;17:28:00;110;com vítima;28;BR-392/RS;Norte;Saída de Pista;0;0;0;1;0;0;;;;;0;0;1;0;0
30/04/2016;06:56:00;31;sem vítima;35,8;BR-392/RS;Sul;Colisão Traseira;2;0;1;0;0;0;;;;;4;0;0;0;0
30/04/2016;10:16:00;58;com vítima;194;BR-392/RS;Sul;Tombamento;1;0;0;0;0;0;;;;;1;1;0;0;0
01/05/2016;08:36:00;52;com vítima;21,5;BR-392/RS;Sul;Saída de Pista;1;0;1;0;0;0;;;;;1;0;1;0;0
02/05/2016;06:45:00;21;sem vítima;23,9;BR-392/RS;Sul;Saída de Pista;0;0;1;0;0;0;;;;;1;0;0;0;0
02/05/2016;07:12:00;25;sem vítima;57,4;BR-392/RS;Sul;Tombamento;0;0;1;0;0;0;;;;;1;0;0;0;0
02/05/2016;18:36:00;132;sem vítima;123,6;BR-392/RS;Norte;Colisão Traseira;0;0;1;0;0;0;;;;;1;0;0;0;0
03/05/2016;20:20:00;115;sem vítima;413,1;BR-116/RS;Sul;Colisão Traseira;0;0;1;0;0;0;;;;;1;0;0;0;0
03/05/2016;15:31:00;83;com vítima;467,2;BR-116/RS;Norte;Tombamento;0;0;0;2;0;0;;;;;1;0;1;0;0
03/05/2016;08:16:00;33;sem vítima;49,3;BR-392/RS;Sul;Saída de Pista;1;0;0;0;0;0;;;;;1;0;0;0;0
03/05/2016;16:31:00;91;sem vítima;183,4;BR-392/RS;Sul;Saída de Pista;1;0;0;0;0;0;;;;;4;0;0;0;0
04/05/2016;17:22:00;111;sem vítima;416,5;BR-116/RS;Sul;Saída de Pista;1;0;0;0;0;0;;;;;1;0;0;0;0
05/05/2016;22:10:00;154;com vítima;599;BR-116/RS;Norte;Colisão Frontal;1;0;1;0;0;0;;;;;5;1;0;0;0
06/05/2016;06:37:00;18;com vítima;61,1;BR-392/RS;Sul;Saída de Pista;1;0;1;0;0;0;;;;;1;0;0;1;1
06/05/2016;10:38:00;62;sem vítima;139,4;BR-392/RS;Norte;Saída de Pista;0;0;1;0;0;0;;;;;2;0;0;0;0
07/05/2016;18:33:00;103;com vítima;467,8;BR-116/RS;Norte;Colisão Traseira;1;0;1;0;0;0;;;;;5;1;0;0;0
08/05/2016;07:00:00;31;sem vítima;11,8;BR-392/RS;Sul;Tombamento;1;0;0;0;0;0;;;;;1;0;0;0;0
08/05/2016;09:30:00;55;com vítima;77,4;BR-392/RS;Norte;Saída de Pista;0;0;0;1;0;0;;;;;0;0;0;1;0
08/05/2016;19:30:00;123;com vítima;83,1;BR-392/RS;Sul;Colisão Traseira;1;0;0;1;0;0;;;;;1;1;0;0;0
08/05/2016;11:26:00;73;com vítima;106,3;BR-392/RS;Norte;Colisão Traseira;1;0;0;0;0;0;;;;;0;0;1;1;0
08/05/2016;11:05:00;69;com vítima;118;BR-392/RS;Norte;Abalroamento - Transversal;1;0;2;0;0;0;;;;;2;1;0;0;0
09/05/2016;22:00:00;140;sem vítima;417,9;BR-116/RS;Sul;Atropelamento - Animal;1;0;0;0;0;0;;;;;2;0;0;0;0
09/05/2016;07:55:00;46;sem vítima;7,8;BR-392/RS;Norte;Abalroamento - Transversal;1;0;1;0;0;0;;;;;2;0;0;0;0
09/05/2016;08:06:00;51;sem vítima;61;BR-392/RS;Norte;Tombamento;1;0;1;0;0;0;;;;;2;0;0;0;0
10/05/2016;08:23:00;31;sem vítima;115,8;BR-392/RS;Norte;Saída de Pista;1;0;0;1;0;0;;;;;2;0;0;0;0
10/05/2016;13:59:00;77;sem vítima;563,3;BR-116/RS;Norte;Tombamento;0;0;2;0;0;0;;;;;2;0;0;0;0
11/05/2016;13:16:00;79;com vítima;93;BR-392/RS;Sul;Tombamento;0;0;2;0;0;0;;;;;10;9;2;0;0
12/05/2016;15:51:00;82;sem vítima;418;BR-116/RS;Norte;Colisão Traseira;1;0;0;0;0;0;;;;;3;0;0;0;0
12/05/2016;19:13:00;103;com vítima;77,3;BR-392/RS;Sul;Abalroamento - Sentido Oposto;3;0;1;0;0;0;;;;;4;0;1;0;0
12/05/2016;07:55:00;44;com vítima;103,6;BR-392/RS;Sul;Tombamento;1;1;0;0;0;0;;;;;1;1;0;0;0
12/05/2016;12:21:00;64;sem vítima;122,8;BR-392/RS;Norte;Colisão Traseira;0;0;2;0;0;0;;;;;2;0;0;0;0
13/05/2016;10:47:00;69;com vítima;585,6;BR-116/RS;Sul;Colisão Traseira;1;0;1;0;0;0;;;;;0;3;0;0;0
14/05/2016;21:01:00;107;sem vítima;4,5;BR-392/RS;Norte;Colisão Traseira;1;0;1;0;0;0;;;;;2;0;0;0;0
14/05/2016;20:48:00;105;sem vítima;425,1;BR-116/RS;Norte;Abalroamento - Transversal;1;0;0;0;0;0;;;;;2;0;0;0;0
14/05/2016;04:46:00;15;sem vítima;65,4;BR-392/RS;Norte;Abalroamento - Transversal;0;0;2;0;0;0;;;;;3;0;0;0;0
14/05/2016;17:23:00;85;com vítima;66,9;BR-392/RS;Sul;Abalroamento - Transversal;1;0;1;0;0;0;;;;;1;1;0;0;0
15/05/2016;06:38:00;24;sem vítima;1;BR-392/RS;Sul;Saída de Pista;2;0;0;0;0;0;;;;;2;0;0;0;0
15/05/2016;15:25:00;78;sem vítima;44;BR-392/RS;Norte;Saída de Pista;0;0;2;0;0;0;;;;;4;0;0;0;0
15/05/2016;04:45:00;20;com vítima;103,5;BR-392/RS;Norte;Saída de Pista;1;0;0;0;0;0;;;;;0;1;1;0;1
15/05/2016;04:15:00;19;com vítima;106,3;BR-392/RS;Sul;Abalroamento - Sentido Oposto;1;0;1;0;0;0;;;;;3;0;1;0;0
15/05/2016;09:41:00;46;sem vítima;107,9;BR-392/RS;Norte;Saída de Pista;0;0;1;0;0;0;;;;;1;0;0;0;0
16/05/2016;19:08:00;133;sem vítima;77,5;BR-392/RS;Norte;Atropelamento - Animal;1;0;0;0;0;0;;;;;2;0;0;0;0
18/05/2016;07:04:00;23;sem vítima;515,3;BR-116/RS;Norte;Colisão Traseira;1;0;0;0;0;0;;;;;5;0;0;0;0
19/05/2016;09:39:00;47;sem vítima;117,8;BR-392/RS;Sul;Abalroamento - Transversal;0;0;3;0;0;0;;;;;3;0;0;0;0
19/05/2016;11:43:00;62;sem vítima;135,1;BR-392/RS;Norte;Atropelamento;2;0;0;0;0;0;;;;;3;0;0;0;0
20/05/2016;01:38:00;11;com vítima;59,6;BR-392/RS;Sul;Colisão com Objeto Fixo;0;0;0;1;0;0;;;;;0;0;0;1;0
21/05/2016;19:29:00;111;sem vítima;26,9;BR-392/RS;Sul;Tombamento;1;0;1;0;0;0;;;;;3;0;0;0;0
22/05/2016;21:24:00;104;sem vítima;95;BR-392/RS;Sul;Saída de Pista;1;0;0;0;0;0;;;;;5;0;0;0;0
23/05/2016;08:00:00;24;com vítima;1,6;BR-392/RS;Sul;Colisão Frontal;0;0;1;0;0;0;;;;;0;0;1;0;0
24/05/2016;06:26:00;35;com vítima;4,7;BR-392/RS;Sul;Tombamento;1;1;0;0;0;0;;;;;3;0;1;0;0
24/05/2016;02:45:00;20;com vítima;481;BR-116/RS;Sul;Atropelamento;3;0;1;0;0;0;;;;;4;0;1;0;0
25/05/2016;07:29:00;27;com vítima;77,7;BR-392/RS;Norte;Saída de Pista;0;1;1;0;0;0;;;;;1;0;0;1;0
26/05/2016;06:10:00;13;com vítima;0,9;BR-392/RS;Norte;Colisão Frontal;0;0;1;1;0;0;;;;;1;0;0;1;0
27/05/2016;07:21:00;21;com vítima;2,4;BR-392/RS;Sul;Colisão Traseira;1;0;0;1;0;0;;;;;2;1;0;0;0
27/05/2016;01:30:00;12;sem vítima;5,5;BR-392/RS;Norte;Saída de Pista;1;0;0;1;0;0;;;;;4;0;0;0;0
27/05/2016;14:44:00;70;sem vítima;525;BR-116/RS;Norte;Colisão Traseira;0;0;2;0;0;0;;;;;2;0;0;0;0