data;horario;n_da_ocorrencia;tipo_de_ocorrencia;km;trecho;sentido;tipo_de_acidente;automovel;bicicleta;caminhao;moto;onibus;outros;tracao_animal;transporte_de_cargas_especiais;trator_maquinas;utilitarios;ilesos;levemente_feridos;moderadamente_feridos;gravemente_feridos;mortos
26/05/2019;07:55:00;19;com vítima;71,6;BR-392/RS;Norte;Saída de Pista;0;0;0;0;0;1;0;0;0;0;0;1;0;0;0
26/05/2019;11:22:00;34;com vítima;530,1;BR-116/RS;Sul;Abalr. Transversal;1;0;0;1;0;0;0;0;0;0;0;2;1;0;0
27/05/2019;01:48:00;3;com vítima;514;BR-116/RS;Norte;Tombamento;1;1;0;0;0;0;0;0;0;0;1;0;1;0;0
27/05/2019;08:40:00;54;sem vítima;5,6;BR-392/RS;Norte;Colisão Traseira;2;0;0;0;0;0;0;0;0;0;2;0;0;0;0
30/05/2019;21:59:00;123;sem vítima;639,1;BR-116/RS;Norte;Atropelamento de Animal;1;0;0;0;0;0;0;0;0;0;2;0;0;0;0
01/06/2019;19:51:00;98;com vítima;19,4;BR-392/RS;Sul;Colisão Traseira;1;0;0;0;0;0;1;0;0;0;1;1;0;0;0
04/06/2019;07:57:00;30;com vítima;525,5;BR-116/RS;Norte;Colisão Traseira;0;0;1;0;1;1;0;0;0;0;21;1;1;0;0
06/06/2019;18:30:00;95;sem vítima;525,2;BR-116/RS;Sul;Colisão Traseira;3;0;0;0;0;0;0;0;0;0;6;0;0;0;0
07/06/2019;23:46:00;149;com vítima;512,4;BR-116/RS;Norte;Tombamento;0;1;0;0;0;0;0;0;0;0;0;0;1;0;0
08/06/2019;15:55:00;93;com vítima;530,2;BR-116/RS;Norte;Abalr. Transversal;1;0;0;1;0;0;0;0;0;0;1;1;0;0;0
08/06/2019;17:08:00;100;com vítima;521;BR-116/RS;Norte;Abalr. Transversal;1;0;0;1;0;0;0;0;0;0;2;0;1;0;0
10/06/2019;06:03:00;24;com vítima;516,5;BR-116/RS;Norte;Tombamento;0;0;0;1;0;0;0;0;0;0;0;0;1;0;0
10/06/2019;07:03:00;27;com vítima;7,9;BR-392/RS;Norte;Colisão Traseira;1;0;0;1;0;0;0;0;0;0;1;1;0;0;0
10/06/2019;09:16:00;39;com vítima;9;BR-392/RS;Norte;Tombamento;0;0;0;1;0;0;0;0;0;0;0;1;0;0;0
10/06/2019;17:20:00;87;com vítima;530,5;BR-116/RS;Sul;Abalr. Transversal;1;0;0;1;0;0;0;0;0;0;1;0;1;0;0
11/06/2019;21:29:00;124;com vítima;9,3;BR-392/RS;Norte;Colisão Frontal;0;0;3;0;0;0;0;0;0;0;2;0;0;1;0
12/06/2019;04:33:00;5;sem vítima;49,1;BR-392/RS;Norte;Colisão com Objeto Fixo;1;0;0;0;0;0;0;0;0;0;2;0;0;0;0
12/06/2019;07:43:00;17;com vítima;83;BR-392/RS;Norte;Abalr. Transversal;1;0;0;1;0;0;0;0;0;0;1;0;1;0;0
12/06/2019;18:51:00;94;com vítima;626;BR-116/RS;Sul;Abalr. Transversal;1;0;1;0;0;0;0;0;0;0;1;1;0;0;0
14/06/2019;21:22:00;111;com vítima;119,5;BR-392/RS;Sul;Saída de Pista;0;0;1;0;0;0;0;0;0;0;0;0;2;1;0
15/06/2019;10:03:00;58;com vítima;5,5;BR-392/RS;Norte;Saída de Pista;1;0;0;0;0;0;0;0;0;0;0;1;0;0;0
15/06/2019;19:22:00;127;com vítima;52,9;BR-392/RS;Norte;Colisão Frontal;1;0;0;1;0;0;0;0;0;0;1;2;2;0;0
17/06/2019;03:26:00;10;com vítima;657,5;BR-116/RS;Sul;Saída de Pista;1;0;0;0;0;0;0;0;0;0;0;0;1;0;0
17/06/2019;19:28:00;91;com vítima;612,1;BR-116/RS;Sul;Abalr. Transversal;1;0;0;1;0;0;0;0;0;0;1;0;1;0;0
18/06/2019;06:42:00;12;com vítima;4,3;BR-392/RS;Norte;Abalr. Transversal;0;0;1;1;0;0;0;0;0;0;1;0;0;0;1
18/06/2019;14:32:00;53;com vítima;31,7;BR-392/RS;Norte;Saída de Pista;1;0;0;0;0;0;0;0;0;0;0;0;1;1;0
20/06/2019;16:42:00;93;com vítima;28,7;BR-392/RS;Sul;Capotamento;1;0;0;0;0;0;0;0;0;0;2;0;3;0;0
22/06/2019;14:24:00;79;com vítima;41;BR-392/RS;Norte;Tombamento;0;0;0;1;0;0;0;0;0;0;0;2;0;0;0
22/06/2019;21:00:00;109;com vítima;8,9;BR-392/RS;Sul;Abalr. Transversal;1;0;0;0;0;1;0;0;0;0;2;0;1;1;0
23/06/2019;08:28:00;33;sem vítima;405;BR-116/RS;Norte;Abalr. Mesmo Sentido;0;0;1;0;1;0;0;0;0;0;48;0;0;0;0
25/06/2019;16:36:00;78;sem vítima;521;BR-116/RS;Sul;Abalr. Transversal;2;0;0;0;0;0;0;0;0;0;2;0;0;0;0
29/06/2019;14:24:00;63;com vítima;452,5;BR-116/RS;Norte;Saída de Pista;0;0;1;0;0;0;0;0;0;0;0;0;1;0;0
29/06/2019;15:16:00;69;com vítima;122;BR-392/RS;Norte;Colisão Frontal;2;0;0;0;0;0;0;0;0;0;0;2;0;0;0
01/07/2019;16:53:00;108;com vítima;5,2;BR-392/RS;Sul;Abalr. Transversal;0;0;0;1;1;0;0;0;0;0;1;0;1;0;0
01/07/2019;18:23:00;114;com vítima;402,2;BR-116/RS;Sul;Colisão Frontal;1;0;1;0;0;0;0;0;0;0;2;0;1;0;0
07/07/2019;15:41:00;80;com vítima;525,9;BR-116/RS;Sul;Saída de Pista;1;0;0;0;0;0;0;0;0;0;0;0;1;0;0
07/07/2019;18:30:00;90;com vítima;525,4;BR-116/RS;Sul;Atropelamento;1;0;0;0;0;0;0;0;0;0;1;0;0;1;0
10/07/2019;20:23:00;134;com vítima;514;BR-116/RS;Norte;Abalr. Transversal;1;0;0;1;0;0;0;0;0;0;1;0;1;0;0
11/07/2019;14:09:00;68;com vítima;99,5;BR-392/RS;Sul;Abalr. Transversal;1;0;0;1;0;0;0;0;0;0;1;0;1;0;0
11/07/2019;16:36:00;76;com vítima;115,7;BR-392/RS;Sul;Colisão Traseira;2;0;0;0;0;0;0;0;0;0;1;1;0;0;0
12/07/2019;21:03:00;92;sem vítima;429;BR-116/RS;Norte;Saída de Pista;1;0;0;0;0;0;0;0;0;0;1;0;0;0;0
14/07/2019;14:13:00;81;com vítima;196,3;BR-392/RS;Sul;Tombamento;0;0;0;1;0;0;0;0;0;0;0;0;0;1;0
17/07/2019;13:49:00;89;com vítima;9,5;BR-392/RS;Sul;Colisão Traseira;1;0;0;1;0;0;0;0;0;0;2;0;0;1;0
18/07/2019;13:56:00;78;sem vítima;517,1;BR-116/RS;Norte;Colisão com Objeto Fixo;1;0;0;0;0;1;0;0;0;0;2;0;0;0;0
19/07/2019;23:43:00;116;com vítima;40,9;BR-392/RS;Norte;Saída de Pista;1;0;0;0;0;0;0;0;0;0;0;0;0;1;0
20/07/2019;19:55:00;111;com vítima;112;BR-392/RS;Norte;Tombamento;0;0;0;1;0;0;0;0;0;0;0;0;0;1;0
23/07/2019;20:27:00;86;com vítima;429;BR-116/RS;Sul;Saída de Pista;1;0;0;0;0;0;0;0;0;0;1;0;1;0;0
25/07/2019;07:04:00;10;com vítima;635,8;BR-116/RS;Sul;Saída de Pista;1;0;0;0;0;0;0;0;0;0;0;3;1;0;0
25/07/2019;09:10:00;33;com vítima;21,8;BR-392/RS;Sul;Saída de Pista;1;0;0;0;0;0;0;0;0;0;0;0;1;0;0
25/07/2019;17:11:00;107;com vítima;418,6;BR-116/RS;Sul;Colisão Frontal;1;0;1;0;0;0;0;0;0;0;1;1;0;1;2
26/07/2019;15:32:00;107;com vítima;521;BR-116/RS;Norte;Abalr. Transversal;1;0;0;1;0;0;0;0;0;0;1;1;0;0;0
27/07/2019;22:26:00;106;com vítima;480,9;BR-116/RS;Norte;Colisão Frontal;1;0;0;0;1;0;0;0;0;0;25;0;1;0;0
03/08/2019;05:02:00;12;com vítima;400,7;BR-116/RS;Norte;Capotamento;1;0;0;0;0;0;0;0;0;0;1;1;0;0;0
03/08/2019;14:35:00;91;com vítima;81;BR-392/RS;Norte;Colisão Traseira;1;0;1;0;0;0;0;0;0;0;3;1;0;0;0
04/08/2019;01:09:00;9;com vítima;109,1;BR-392/RS;Norte;Tombamento;0;0;0;1;0;0;0;0;0;0;0;0;2;0;0
04/08/2019;17:48:00;114;com vítima;94,8;BR-392/RS;Sul;Colisão Traseira;1;0;0;1;0;0;0;0;0;0;3;0;1;0;0
05/08/2019;16:46:00;110;com vítima;16;BR-392/RS;Norte;Saída de Pista;1;0;0;0;0;0;0;0;0;0;0;0;1;0;0
06/08/2019;15:28:00;99;com vítima;111,3;BR-392/RS;Sul;Tombamento;0;0;0;1;0;0;0;0;0;0;0;0;1;0;0
06/08/2019;16:40:00;105;com vítima;5;BR-392/RS;Sul;Abalr. Transversal;0;0;1;1;0;0;0;0;0;0;1;1;0;0;0
07/08/2019;18:35:00;149;sem vítima;12;BR-392/RS;Norte;Abalr. Mesmo Sentido;1;0;1;0;0;0;0;0;0;0;2;0;0;0;0
09/08/2019;23:08:00;144;sem vítima;525,4;BR-116/RS;Sul;Tombamento;0;0;1;0;0;0;0;0;0;0;1;0;0;0;0
10/08/2019;08:15:00;26;sem vítima;400,9;BR-116/RS;Sul;Colisão Traseira;1;0;0;0;0;0;0;0;0;1;3;0;0;0;0
10/08/2019;23:37:00;142;com vítima;525;BR-116/RS;Norte;Colisão com Objeto Fixo;0;0;0;1;0;0;0;0;0;0;0;1;0;0;0
11/08/2019;21:15:00;136;sem vítima;71,8;BR-392/RS;Norte;Saída de Pista;1;0;0;0;0;0;0;0;0;0;1;0;0;0;0
12/08/2019;07:05:00;8;com vítima;4,3;BR-392/RS;Sul;Abalr. Transversal;1;0;0;1;0;0;0;0;0;0;1;1;0;0;0
13/08/2019;21:45:00;137;sem vítima;28;BR-392/RS;Sul;Atropelamento de Animal;1;0;0;0;0;0;0;0;0;0;1;0;0;0;0
14/08/2019;19:30:00;126;com vítima;408,2;BR-116/RS;Sul;Abalr. Transversal;1;0;0;1;0;0;0;0;0;0;1;0;1;0;0
15/08/2019;05:46:00;12;sem vítima;433,4;BR-116/RS;Sul;Saída de Pista;0;0;1;0;0;0;0;0;0;0;1;0;0;0;0
15/08/2019;07:25:00;19;com vítima;4,8;BR-392/RS;Sul;Abalr. Transversal;1;0;0;1;0;0;0;0;0;0;1;0;1;0;0
16/08/2019;19:49:00;111;sem vítima;530;BR-116/RS;Norte;Saída de Pista;1;0;0;0;0;0;0;0;0;0;2;0;0;0;0
17/08/2019;10:45:00;52;com vítima;529,6;BR-116/RS;Norte;Colisão com Objeto Fixo;0;0;0;1;0;0;0;0;0;0;0;0;1;0;0
18/08/2019;09:34:00;43;sem vítima;62;BR-392/RS;Norte;Saída de Pista;1;0;0;0;0;0;0;0;0;0;1;0;0;0;0
18/08/2019;18:55:00;99;com vítima;421,5;BR-116/RS;Norte;Colisão Frontal;2;0;0;0;0;0;0;0;0;0;0;0;0;2;3
19/08/2019;18:54:00;105;com vítima;516,9;BR-116/RS;Sul;Colisão Traseira;1;0;0;1;0;0;0;0;0;0;1;0;1;0;0
20/08/2019;06:40:00;22;com vítima;16,5;BR-392/RS;Sul;Colisão Frontal;0;1;0;1;0;0;0;0;0;0;0;0;0;1;1
20/08/2019;18:21:00;99;com vítima;613;BR-116/RS;Norte;Abalr. Transversal;1;0;0;1;0;0;0;0;0;0;1;1;0;0;0
21/08/2019;07:51:00;22;com vítima;529;BR-116/RS;Sul;Abalr. Transversal;1;0;1;0;0;0;0;0;0;0;2;0;1;0;0
23/08/2019;18:20:00;108;com vítima;60,8;BR-392/RS;Norte;Abalr. Sentido Oposto;0;0;1;1;0;0;0;0;0;0;1;0;0;1;0
23/08/2019;22:54:00;133;com vítima;14;BR-392/RS;Sul;Colisão Traseira;3;0;1;0;0;0;0;0;0;0;1;0;3;0;0
24/08/2019;19:16:00;91;com vítima;18,9;BR-392/RS;Norte;Colisão Traseira;2;0;0;0;0;0;0;0;0;0;4;2;0;0;0
24/08/2019;19:18:00;92;com vítima;113;BR-392/RS;Sul;Abalr. Transversal;1;0;1;0;0;0;0;0;0;0;1;0;0;1;1
25/08/2019;07:31:00;15;com vítima;119;BR-392/RS;Norte;Saída de Pista;1;0;0;0;0;0;0;0;0;0;1;1;0;0;0
25/08/2019;16:19:00;75;com vítima;115,7;BR-392/RS;Norte;Saída de Pista;1;0;0;0;0;0;0;0;0;0;0;1;0;0;0
25/08/2019;16:28:00;77;sem vítima;86;BR-392/RS;Norte;Saída de Pista;1;0;0;0;0;0;0;0;0;0;1;0;0;0;0
25/08/2019;19:04:00;90;com vítima;425,1;BR-116/RS;Norte;Abalr. Transversal;2;0;0;0;0;0;0;0;0;0;1;0;3;0;0
25/08/2019;23:26:00;134;com vítima;115,7;BR-392/RS;Norte;Outros tipos de acidente;2;0;1;0;0;0;0;0;0;0;3;0;0;0;1
26/08/2019;18:55:00;118;sem vítima;572,8;BR-116/RS;Norte;Colisão Traseira;2;0;0;0;0;0;0;0;0;0;3;0;0;0;0
27/08/2019;15:05:00;92;sem vítima;24,8;BR-392/RS;Sul;Atropelamento de Animal;0;0;1;0;0;0;0;0;0;0;1;0;0;0;0
28/08/2019;18:39:00;110;com vítima;66,5;BR-392/RS;Sul;Colisão Traseira;1;0;0;1;0;0;0;0;0;0;1;0;1;0;0
28/08/2019;22:14:00;135;com vítima;6,8;BR-392/RS;Norte;Capotamento;1;0;0;0;0;0;0;0;0;0;0;1;0;0;0
30/08/2019;17:38:00;93;com vítima;200;BR-392/RS;Sul;Abalr. Transversal;1;0;1;0;0;0;0;0;0;0;1;3;0;0;0
31/08/2019;05:29:00;13;com vítima;1,5;BR-392/RS;Sul;Abalr. Transversal;1;0;1;0;0;0;0;0;0;0;1;1;0;0;0
03/09/2019;06:11:00;11;com vítima;527;BR-116/RS;Sul;Colisão Traseira;0;1;0;1;0;0;0;0;0;0;0;0;2;0;0
03/09/2019;14:38:00;83;com vítima;67;BR-392/RS;Sul;Colisão Traseira;1;0;0;1;0;0;0;0;0;0;1;0;1;0;0
03/09/2019;17:53:00;95;com vítima;74;BR-392/RS;Sul;Colisão Traseira;1;0;1;0;0;0;0;0;0;0;2;1;0;0;0
04/09/2019;14:27:00;85;com vítima;517;BR-116/RS;Norte;Abalr. Transversal;1;0;0;1;0;0;0;0;0;0;1;0;1;0;0
05/09/2019;22:13:00;126;com vítima;516,9;BR-116/RS;Norte;Abalr. Transversal;0;0;1;1;0;0;0;0;0;0;1;0;0;1;0
08/09/2019;17:12:00;77;sem vítima;115,5;BR-392/RS;Sul;Colisão Frontal;2;0;0;0;0;0;0;0;0;0;4;0;0;0;0
09/09/2019;00:27:00;3;com vítima;510,5;BR-116/RS;Norte;Abalr. Transversal;2;0;0;0;0;0;0;0;0;0;0;5;2;0;0
09/09/2019;11:05:00;57;com vítima;519;BR-116/RS;Sul;Saída de Pista;1;0;0;0;0;0;0;0;0;0;0;0;1;0;0
13/09/2019;07:16:00;19;com vítima;4,8;BR-392/RS;Sul;Abalr. Transversal;1;0;0;1;0;0;0;0;0;0;2;0;0;0;1
13/09/2019;14:35:00;78;com vítima;481,5;BR-116/RS;Sul;Abalr. Transversal;2;0;0;0;0;0;0;0;0;0;0;0;3;3;0
13/09/2019;15:44:00;85;com vítima;513,3;BR-116/RS;Norte;Colisão Frontal;1;0;0;1;0;0;0;0;0;0;2;0;0;1;0
15/09/2019;12:48:00;61;sem vítima;526,5;BR-116/RS;Norte;Saída de Pista;1;0;1;0;0;0;0;0;0;0;2;0;0;0;0
16/09/2019;21:41:00;126;sem vítima;67;BR-392/RS;Norte;Saída de Pista;0;0;1;0;0;0;0;0;0;0;1;0;0;0;0
17/09/2019;19:05:00;84;com vítima;530,1;BR-116/RS;Norte;Abalr. Transversal;0;0;0;2;0;0;0;0;0;0;1;0;1;0;0
18/09/2019;07:37:00;25;com vítima;523,5;BR-116/RS;Sul;Tombamento;0;0;0;1;0;0;0;0;0;0;0;0;1;0;0
18/09/2019;22:11:00;126;sem vítima;517,8;BR-116/RS;Norte;Saída de Pista;0;0;1;0;0;0;0;0;0;0;1;0;0;0;0
25/09/2019;14:25:00;93;com vítima;93;BR-392/RS;Norte;Colisão Frontal;1;0;1;0;0;0;0;0;0;0;1;1;0;0;0
26/09/2019;05:30:00;10;com vítima;415,8;BR-116/RS;Norte;Abalr. Transversal;0;0;2;0;0;0;0;0;0;0;1;1;0;2;0
26/09/2019;11:40:00;54;com vítima;28,7;BR-392/RS;Norte;Saída de Pista;1;0;0;0;0;0;0;0;0;0;0;0;1;0;0
27/09/2019;20:48:00;122;com vítima;18,8;BR-392/RS;Norte;Abalr. Transversal;0;0;1;0;0;0;1;0;0;0;1;0;0;1;1
28/09/2019;09:54:00;61;com vítima;72,4;BR-392/RS;Norte;Colisão Frontal;2;0;0;0;0;0;0;0;0;0;0;1;1;1;0
29/09/2019;08:44:00;30;com vítima;498,9;BR-116/RS;Norte;Colisão Traseira;1;0;0;1;0;0;0;0;0;0;1;1;1;0;0
29/09/2019;12:08:00;57;com vítima;57;BR-392/RS;Norte;Tombamento;0;0;0;1;0;0;0;0;0;0;0;0;1;0;0
04/10/2019;07:46:00;12;sem vítima;85,7;BR-392/RS;Sul;Capotamento;1;0;0;0;0;0;0;0;0;0;1;0;0;0;0
04/10/2019;21:54:00;119;sem vítima;88;BR-392/RS;Norte;Abalr. Transversal;1;0;1;0;0;0;0;0;0;0;3;0;0;0;0
05/10/2019;20:46:00;108;com vítima;530,2;BR-116/RS;Sul;Atropelamento;1;1;0;0;0;0;0;0;0;0;2;0;0;0;1
07/10/2019;09:13:00;38;sem vítima;116,9;BR-392/RS;Norte;Saída de Pista;1;0;0;0;0;0;0;0;0;0;1;0;0;0;0
11/10/2019;14:27:00;81;sem vítima;521,5;BR-116/RS;Sul;Colisão com Objeto Fixo;1;0;0;0;0;0;0;0;0;0;1;0;0;0;0
14/10/2019;15:58:00;101;sem vítima;113;BR-392/RS;Sul;Saída de Pista;1;0;0;0;0;0;0;0;0;0;1;0;0;0;0
14/10/2019;19:45:00;126;com vítima;189,5;BR-392/RS;Sul;Colisão Frontal;1;0;1;0;0;0;0;0;0;0;0;1;0;0;1
15/10/2019;04:26:00;7;com vítima;493,9;BR-116/RS;Sul;Saída de Pista;1;0;0;0;0;0;0;0;0;0;0;1;0;0;0
19/10/2019;11:48:00;77;com vítima;530;BR-116/RS;Sul;Tombamento;0;0;0;1;0;0;0;0;0;0;1;1;0;0;0
20/10/2019;20:51:00;96;com vítima;25,5;BR-392/RS;Norte;Atropelamento;1;0;0;0;0;0;0;0;0;0;4;0;1;1;0
21/10/2019;12:13:00;83;com vítima;60,9;BR-392/RS;Norte;Colisão com Objeto Fixo;1;0;1;0;0;0;0;0;0;0;1;1;0;0;0
25/10/2019;21:08:00;129;com vítima;20,3;BR-392/RS;Sul;Abalr. Transversal;1;0;0;1;0;0;0;0;0;0;2;1;0;0;0
26/10/2019;06:52:00;12;com vítima;20;BR-392/RS;Sul;Abalr. Transversal;1;0;1;1;0;0;0;0;0;0;2;1;0;0;0
27/10/2019;05:13:00;11;com vítima;119,8;BR-392/RS;Sul;Saída de Pista;1;0;0;0;0;0;0;0;0;0;0;1;0;0;0
28/10/2019;09:05:00;34;com vítima;16,5;BR-392/RS;Sul;Colisão com Objeto Fixo;1;0;0;0;0;0;0;0;0;0;0;1;0;0;0
30/10/2019;05:51:00;9;com vítima;502;BR-116/RS;Sul;Colisão com Objeto Fixo;1;0;0;0;0;0;0;0;0;0;0;1;0;0;0
30/10/2019;20:46:00;123;sem vítima;617,7;BR-116/RS;Sul;Tombamento;0;0;2;0;0;0;0;0;0;0;2;0;0;0;0
31/10/2019;15:18:00;116;com vítima;50,7;BR-392/RS;Sul;Tombamento;0;0;0;1;0;0;0;0;0;0;1;1;0;0;0
01/11/2019;16:16:00;91;com vítima;63,3;BR-392/RS;Norte;Colisão Frontal;1;0;1;0;0;0;0;0;0;0;0;1;1;0;0
01/11/2019;22:02:00;120;com vítima;521,1;BR-116/RS;Sul;Saída de Pista;0;0;0;1;0;0;0;0;0;0;0;0;0;0;1
04/11/2019;14:15:00;81;com vítima;475,3;BR-116/RS;Sul;Colisão Frontal;2;0;0;0;0;0;0;0;0;0;2;1;0;0;0
05/11/2019;06:15:00;17;com vítima;35,5;BR-392/RS;Norte;Tombamento;0;0;0;1;0;0;0;0;0;0;0;1;0;0;0
07/11/2019;08:41:00;30;com vítima;405,7;BR-116/RS;Norte;Saída de Pista;1;0;0;0;0;0;0;0;0;0;0;2;0;0;0
07/11/2019;10:58:00;59;com vítima;199,3;BR-392/RS;Norte;Colisão Traseira;0;0;2;0;0;0;0;0;0;0;1;1;0;0;0
09/11/2019;16:09:00;77;com vítima;55,2;BR-392/RS;Norte;Colisão Traseira;1;0;0;1;0;0;0;0;0;0;0;2;0;1;0
10/11/2019;18:23:00;87;com vítima;82,9;BR-392/RS;Sul;Colisão Traseira;1;0;0;1;0;0;0;0;0;0;1;1;0;0;0
10/11/2019;19:21:00;94;com vítima;4,5;BR-392/RS;Norte;Colisão com Veículo Estac.;3;0;0;0;0;0;0;0;0;0;3;0;0;1;0
10/11/2019;19:46:00;99;sem vítima;10,2;BR-392/RS;Norte;Saída de Pista;1;0;0;0;0;0;0;0;0;0;1;0;0;0;0
12/11/2019;17:33:00;94;com vítima;63;BR-392/RS;Norte;Abalr. Sentido Oposto;1;0;1;0;0;0;0;0;0;0;1;0;1;0;0
13/11/2019;16:55:00;87;com vítima;480,6;BR-116/RS;Norte;Colisão Frontal;2;0;0;0;0;0;0;0;0;0;2;0;2;0;0
14/11/2019;19:56:00;86;com vítima;47,5;BR-392/RS;Norte;Atropelamento;0;0;1;0;0;0;0;0;0;0;1;0;0;0;1
16/11/2019;16:47:00;77;sem vítima;33,3;BR-392/RS;Norte;Saída de Pista;1;0;0;0;0;0;0;0;0;0;3;0;0;0;0
17/11/2019;14:42:00;62;com vítima;45,8;BR-392/RS;Norte;Capotamento;1;0;0;0;0;0;0;0;0;0;0;3;0;0;0
18/11/2019;20:02:00;143;com vítima;617,6;BR-116/RS;Sul;Colisão Traseira;1;0;0;0;0;1;0;0;0;0;2;0;0;1;0
19/11/2019;02:18:00;3;sem vítima;566,7;BR-116/RS;Sul;Atropelamento de Animal;1;0;0;0;0;0;0;0;0;0;2;0;0;0;0
19/11/2019;19:17:00;104;com vítima;75,5;BR-392/RS;Norte;Colisão Frontal;1;0;1;0;0;0;0;0;0;0;1;0;0;0;1
21/11/2019;12:44:00;70;com vítima;78,8;BR-392/RS;Norte;Abalr. Transversal;2;0;0;0;0;0;0;0;0;0;1;1;1;0;0
22/11/2019;09:04:00;36;com vítima;511,8;BR-116/RS;Norte;Colisão Traseira;0;0;0;2;0;0;0;0;0;0;1;1;0;0;0
23/11/2019;22:23:00;95;com vítima;18;BR-392/RS;Sul;Colisão Traseira;0;0;0;2;0;0;0;0;0;0;2;1;0;0;0
25/11/2019;15:48:00;70;com vítima;19,9;BR-392/RS;Norte;Atropelamento;0;0;1;0;0;0;0;0;0;0;1;0;0;0;1
26/11/2019;12:56:00;77;com vítima;101,7;BR-392/RS;Norte;Saída de Pista;0;0;1;0;0;0;0;0;0;0;0;0;1;0;0
28/11/2019;20:35:00;107;com vítima;427;BR-116/RS;Sul;Atropelamento;0;0;0;0;1;0;0;0;0;0;1;1;1;0;0
29/11/2019;07:52:00;21;com vítima;521;BR-116/RS;Sul;Abalr. Transversal;1;0;0;1;0;0;0;0;0;0;1;2;0;0;0
29/11/2019;19:38:00;111;com vítima;525,8;BR-116/RS;Norte;Saída de Pista;1;0;0;0;0;0;0;0;0;0;0;0;1;0;0
30/11/2019;00:06:00;2;com vítima;43,5;BR-392/RS;Norte;Colisão Traseira;0;0;2;0;0;0;0;0;0;0;0;2;0;0;0
01/12/2019;04:07:00;16;com vítima;11,9;BR-392/RS;Sul;Atropelamento de Animal;0;0;0;1;0;0;0;0;0;0;0;0;0;1;0
01/12/2019;22:46:00;117;com vítima;517;BR-116/RS;Norte;Abalr. Transversal;1;0;0;1;0;0;0;0;0;0;1;1;0;0;0
02/12/2019;04:56:00;9;com vítima;94,2;BR-392/RS;Norte;Tombamento;0;0;0;1;0;0;0;0;0;0;0;2;0;0;0
03/12/2019;03:59:00;6;sem vítima;436;BR-116/RS;Norte;Atropelamento de Animal;1;0;0;0;0;0;0;0;0;0;5;0;0;0;0
04/12/2019;22:07:00;133;com vítima;86,2;BR-392/RS;Norte;Saída de Pista;1;0;0;0;0;0;0;0;0;0;0;1;0;0;0
05/12/2019;15:39:00;84;com vítima;83,8;BR-392/RS;Norte;Tombamento;0;0;0;1;0;0;0;0;0;0;0;1;0;0;0
06/12/2019;00:04:00;2;com vítima;657,6;BR-116/RS;Norte;Abalr. Transversal;1;0;1;0;0;0;0;0;0;0;1;1;0;1;0
06/12/2019;11:56:00;72;sem vítima;523,5;BR-116/RS;Norte;Tombamento;0;0;1;0;0;0;0;0;0;0;1;0;0;0;0
09/12/2019;08:41:00;36;com vítima;653,5;BR-116/RS;Sul;Abalr. Transversal;1;0;1;0;0;0;0;0;0;0;2;2;0;0;0
09/12/2019;14:11:00;79;com vítima;67;BR-392/RS;Norte;Abalr. Transversal;1;0;0;1;0;0;0;0;0;0;1;1;0;0;0
09/12/2019;16:22:00;90;com vítima;529;BR-116/RS;Sul;Abalr. Transversal;2;0;0;0;0;0;0;0;0;0;3;0;1;0;0
10/12/2019;14:42:00;86;com vítima;424,7;BR-116/RS;Sul;Colisão Frontal;1;0;1;0;0;0;0;0;0;0;1;0;1;0;0
12/12/2019;08:37:00;31;com vítima;112,5;BR-392/RS;Norte;Colisão Traseira;0;0;1;1;0;0;0;0;0;0;1;0;0;1;0
12/12/2019;18:00:00;98;com vítima;7,1;BR-392/RS;Sul;Abalr. Transversal;0;0;2;0;0;0;0;0;0;0;1;1;0;0;0
13/12/2019;06:56:00;7;com vítima;17,9;BR-392/RS;Sul;Abalr. Transversal;1;0;0;1;0;0;0;0;0;0;1;0;0;1;0
13/12/2019;14:27:00;74;com vítima;76,2;BR-392/RS;Sul;Abalr. Transversal;1;0;0;1;0;0;0;0;0;0;1;0;1;0;0
15/12/2019;01:43:00;3;sem vítima;67;BR-392/RS;Norte;Abalr. Transversal;1;0;1;0;0;0;0;0;0;0;2;0;0;0;0
15/12/2019;07:15:00;10;com vítima;458,8;BR-116/RS;Norte;Tombamento;0;0;0;1;0;0;0;0;0;0;0;0;1;0;0
15/12/2019;10:46:00;40;sem vítima;73,8;BR-392/RS;Norte;Abalr. Transversal;2;0;0;0;0;0;0;0;0;0;5;0;0;0;0
16/12/2019;05:35:00;6;sem vítima;66;BR-392/RS;Sul;Tombamento;0;0;1;0;0;0;0;0;0;0;1;0;0;0;0
16/12/2019;08:41:00;37;com vítima;15,9;BR-392/RS;Sul;Colisão com Objeto Fixo;1;0;0;0;0;0;0;0;0;0;0;1;0;0;0
16/12/2019;13:57:00;96;com vítima;464,7;BR-116/RS;Sul;Abalr. Transversal;1;0;1;0;0;0;0;0;0;0;2;1;0;0;0
16/12/2019;18:08:00;107;com vítima;3,2;BR-392/RS;Sul;Abalr. Transversal;0;0;0;2;0;0;0;0;0;0;0;1;2;0;0
20/12/2019;20:13:00;106;com vítima;428;BR-116/RS;Norte;Colisão Traseira;3;0;0;0;0;0;0;0;0;0;5;1;1;0;0
21/12/2019;06:16:00;14;sem vítima;6,9;BR-392/RS;Sul;Capotamento;1;0;0;0;0;0;0;0;0;0;2;0;0;0;0