data;horario;n_da_ocorrencia;tipo_de_ocorrencia;km;trecho;sentido;tipo_de_acidente;automovel;bicicleta;caminhao;moto;onibus;outros;tracao_animal;transporte_de_cargas_especiais;trator_maquinas;utilitarios;ilesos;levemente_feridos;moderadamente_feridos;gravemente_feridos;mortos
22/12/2019;11:29:00;60;com vítima;33,6;BR-392/RS;Sul;Capotamento;1;0;0;0;0;0;0;0;0;0;0;0;1;0;0
23/12/2019;11:12:00;54;com vítima;416;BR-116/RS;Norte;Abalr. Mesmo Sentido;1;0;1;0;0;0;0;0;0;0;2;0;1;0;0
24/12/2019;03:52:00;2;sem vítima;63;BR-392/RS;Norte;Tombamento;0;0;0;1;0;0;0;0;0;0;1;0;0;0;0
24/12/2019;07:11:00;17;sem vítima;1,6;BR-392/RS;Sul;Tombamento;0;0;1;0;0;0;0;0;0;0;1;0;0;0;0
24/12/2019;19:21:00;95;com vítima;527,2;BR-116/RS;Sul;Colisão Traseira;2;0;0;1;0;0;0;0;0;0;2;0;2;0;0
25/12/2019;08:35:00;21;com vítima;79,5;BR-392/RS;Norte;Saída de Pista;1;0;0;0;0;0;0;0;0;0;0;1;0;0;0
27/12/2019;05:23:00;4;com vítima;92;BR-392/RS;Sul;Saída de Pista;1;0;0;0;0;0;0;0;0;0;0;1;0;0;0
28/12/2019;18:49:00;102;com vítima;510,6;BR-116/RS;Sul;Abalr. Transversal;1;0;0;1;0;0;0;0;0;0;4;0;2;0;0
31/12/2019;19:03:00;79;com vítima;52,3;BR-392/RS;Sul;Abalr. Transversal;1;0;0;1;0;0;0;0;0;0;1;1;0;0;0
01/01/2020;07:20:00;10;sem vítima;41,3;BR-392/RS;Sul;Capotamento;1;0;0;0;0;0;0;0;0;0;1;0;0;0;0
01/01/2020;12:25:00;57;com vítima;428,1;BR-116/RS;Norte;Colisão Frontal;2;0;0;0;0;0;0;0;0;0;4;1;0;0;0
02/01/2020;09:42:00;40;com vítima;87,8;BR-392/RS;Sul;Colisão Traseira;1;0;0;1;0;0;0;0;0;0;1;0;1;0;0
02/01/2020;16:25:00;81;sem vítima;115;BR-392/RS;Sul;Colisão com Objeto Fixo;1;0;0;0;0;0;0;0;0;0;1;0;0;0;0
03/01/2020;08:11:00;21;com vítima;1,6;BR-392/RS;Norte;Colisão Frontal;1;0;1;0;0;0;0;0;0;0;1;0;0;1;0
04/01/2020;03:10:00;6;sem vítima;514,5;BR-116/RS;Sul;Atropelamento de Animal;1;0;0;0;0;0;0;0;0;0;2;0;0;0;0
04/01/2020;07:35:00;13;com vítima;102,3;BR-392/RS;Norte;Tombamento;0;0;1;0;0;0;0;0;0;0;1;0;1;0;0
06/01/2020;14:11:00;76;com vítima;519;BR-116/RS;Norte;Abalr. Transversal;1;0;0;1;0;0;0;0;0;0;4;1;0;0;0
07/01/2020;15:51:00;96;com vítima;94,8;BR-392/RS;Sul;Colisão Frontal;0;0;1;1;0;0;0;0;0;0;1;0;0;1;0
08/01/2020;09:18:00;26;sem vítima;67;BR-392/RS;Norte;Abalr. Transversal;2;0;0;0;0;0;0;0;0;0;4;0;0;0;0
08/01/2020;10:08:00;41;com vítima;518,6;BR-116/RS;Sul;Colisão com Veículo Estac.;0;1;1;0;0;0;0;0;0;0;1;1;0;0;0
08/01/2020;14:25:00;67;com vítima;125;BR-392/RS;Norte;Colisão Traseira;2;0;0;0;0;0;0;0;0;0;5;0;1;0;0
08/01/2020;18:21:00;87;sem vítima;521;BR-116/RS;Sul;Abalr. Transversal;2;0;0;0;0;0;0;0;0;0;4;0;0;0;0
09/01/2020;10:44:00;62;com vítima;454,4;BR-116/RS;Sul;Tombamento;0;0;0;1;0;0;0;0;0;0;0;1;0;0;0
09/01/2020;15:14:00;92;com vítima;136,4;BR-392/RS;Norte;Abalr. Transversal;2;0;0;0;0;0;0;0;0;0;2;0;1;0;0
11/01/2020;03:06:00;4;com vítima;529;BR-116/RS;Sul;Colisão Traseira;2;0;0;0;0;0;0;0;0;0;1;0;1;0;0
11/01/2020;05:21:00;9;sem vítima;528,8;BR-116/RS;Sul;Colisão Traseira;1;0;0;0;1;0;0;0;0;0;3;0;0;0;0
11/01/2020;16:18:00;66;sem vítima;526;BR-116/RS;Sul;Tombamento;0;0;1;0;0;0;0;0;0;0;1;0;0;0;0
12/01/2020;05:43:00;6;com vítima;17,5;BR-392/RS;Sul;Tombamento;0;0;0;1;0;0;0;0;0;0;0;1;0;0;0
12/01/2020;08:34:00;22;com vítima;18,4;BR-392/RS;Norte;Colisão Traseira;2;0;0;0;0;0;0;0;0;0;6;2;0;0;0
12/01/2020;21:46:00;110;com vítima;52,1;BR-392/RS;Norte;Atropelamento;0;0;0;0;1;0;0;0;0;0;1;0;0;1;0
12/01/2020;21:52:00;111;sem vítima;114;BR-392/RS;Sul;Saída de Pista;1;0;0;0;0;0;0;0;0;0;1;0;0;0;0
13/01/2020;14:13:00;97;sem vítima;408,5;BR-116/RS;Sul;Abalr. Mesmo Sentido;1;0;0;1;0;0;0;0;0;0;3;0;0;0;0
14/01/2020;10:07:00;40;sem vítima;67,8;BR-392/RS;Sul;Abalr. Transversal;2;0;0;0;0;0;0;0;0;0;9;0;0;0;0
14/01/2020;13:03:00;62;sem vítima;54,3;BR-392/RS;Sul;Saída de Pista;1;0;0;0;0;0;0;0;0;0;3;0;0;0;0
16/01/2020;07:50:00;19;com vítima;521;BR-116/RS;Norte;Abalr. Transversal;0;0;1;1;0;0;0;0;0;0;1;0;0;1;0
17/01/2020;15:40:00;86;com vítima;428,4;BR-116/RS;Norte;Colisão Traseira;0;0;1;0;0;0;0;0;1;0;2;0;1;0;0
17/01/2020;21:31:00;116;com vítima;528,9;BR-116/RS;Sul;Abalr. Transversal;1;0;0;1;0;0;0;0;0;0;2;0;1;0;0
18/01/2020;21:16:00;111;com vítima;61,8;BR-392/RS;Sul;Tombamento;0;0;0;1;0;0;0;0;0;0;0;1;0;0;0
22/01/2020;10:56:00;51;sem vítima;67;BR-392/RS;Norte;Colisão com Objeto Fixo;0;0;1;0;0;0;0;0;0;0;1;0;0;0;0
24/01/2020;03:35:00;5;com vítima;36,8;BR-392/RS;Norte;Saída de Pista;0;0;1;0;0;0;0;0;0;0;1;0;1;0;0
24/01/2020;05:53:00;9;sem vítima;517,4;BR-116/RS;Norte;Colisão com Objeto Fixo;1;0;0;0;0;0;0;0;0;0;1;0;0;0;0
25/01/2020;22:37:00;124;com vítima;131,1;BR-392/RS;Sul;Colisão Traseira;2;0;1;0;0;0;0;0;0;0;4;1;0;0;0
26/01/2020;18:16:00;78;sem vítima;66,6;BR-392/RS;Norte;Colisão Traseira;1;0;1;0;0;0;0;0;0;0;5;0;0;0;0
26/01/2020;21:56:00;113;sem vítima;401,5;BR-116/RS;Norte;Abalr. Transversal;2;0;0;0;0;0;0;0;0;0;3;0;0;0;0
27/01/2020;09:31:00;37;sem vítima;16,2;BR-392/RS;Sul;Colisão com Objeto Fixo;0;0;1;0;0;0;0;0;0;0;1;0;0;0;0
27/01/2020;11:01:00;56;com vítima;62;BR-392/RS;Sul;Tombamento;0;0;0;1;0;0;0;0;0;0;0;1;1;0;0
29/01/2020;08:22:00;24;com vítima;83,5;BR-392/RS;Sul;Abalr. Mesmo Sentido;0;0;1;1;0;0;0;0;0;0;1;0;1;0;0
30/01/2020;19:23:00;93;com vítima;21,1;BR-392/RS;Norte;Capotamento;1;0;0;0;0;0;0;0;0;0;1;3;0;0;0
01/02/2020;14:33:00;66;com vítima;657,8;BR-116/RS;Norte;Colisão Traseira;2;0;0;0;0;0;0;0;0;0;1;1;0;0;0
03/02/2020;06:35:00;14;sem vítima;514;BR-116/RS;Norte;Saída de Pista;1;0;0;0;0;0;0;0;0;0;1;0;0;0;0
04/02/2020;14:16:00;65;com vítima;72,1;BR-392/RS;Sul;Colisão Traseira;0;0;1;0;0;0;0;0;1;0;1;1;1;0;0
04/02/2020;17:43:00;78;com vítima;527;BR-116/RS;Norte;Colisão Traseira;0;0;1;1;0;0;0;0;0;0;1;1;0;0;0
06/02/2020;18:15:00;104;com vítima;493,9;BR-116/RS;Sul;Atropelamento;0;0;1;0;0;0;0;0;0;0;1;0;1;0;0
07/02/2020;14:43:00;80;com vítima;524,9;BR-116/RS;Sul;Abalr. Transversal;0;0;1;1;0;0;0;0;0;0;4;0;1;0;0
07/02/2020;20:29:00;124;com vítima;422,9;BR-116/RS;Sul;Colisão Frontal;2;0;0;0;0;0;0;0;0;0;0;3;0;0;0
08/02/2020;13:26:00;69;com vítima;521;BR-116/RS;Sul;Abalr. Transversal;1;0;0;1;0;0;0;0;0;0;1;0;1;1;0
09/02/2020;05:04:00;10;com vítima;427,8;BR-116/RS;Sul;Colisão Frontal;1;0;0;1;0;0;0;0;0;0;3;0;0;2;0
09/02/2020;16:03:00;75;com vítima;64,5;BR-392/RS;Norte;Tombamento;0;0;0;1;0;0;0;0;0;0;0;0;2;0;0
10/02/2020;03:06:00;11;com vítima;593,8;BR-116/RS;Sul;Atropelamento de Animal;1;0;0;0;0;0;0;0;0;0;2;2;0;0;0
10/02/2020;22:13:00;125;com vítima;20;BR-392/RS;Sul;Saída de Pista;1;0;0;0;0;0;0;0;0;0;1;1;0;0;0
11/02/2020;07:08:00;16;com vítima;26,7;BR-392/RS;Norte;Abalr. Transversal;1;0;0;0;1;0;0;0;0;0;2;0;1;0;0
12/02/2020;09:23:00;40;sem vítima;515,9;BR-116/RS;Norte;Saída de Pista;0;0;1;0;0;0;0;0;0;0;1;0;0;0;0
13/02/2020;11:42:00;63;com vítima;27;BR-392/RS;Sul;Colisão Traseira;1;0;0;1;0;0;0;0;0;0;1;1;0;0;0
16/02/2020;19:16:00;104;com vítima;76,1;BR-392/RS;Sul;Colisão Traseira;1;0;0;1;0;0;0;0;0;0;2;1;0;0;0
17/02/2020;06:53:00;10;com vítima;525,5;BR-116/RS;Sul;Abalr. Transversal;2;0;0;0;0;0;0;0;0;0;1;2;0;0;0
17/02/2020;12:26:00;55;com vítima;13;BR-392/RS;Norte;Tombamento;0;0;0;1;0;0;0;0;0;0;0;1;0;0;0
18/02/2020;17:10:00;105;com vítima;66,9;BR-392/RS;Sul;Abalr. Transversal;2;0;0;0;0;0;0;0;0;0;2;1;0;0;0
20/02/2020;11:58:00;60;com vítima;561,3;BR-116/RS;Sul;Tombamento;0;0;0;1;0;0;0;0;0;0;0;1;0;0;0
22/02/2020;20:45:00;129;com vítima;525,8;BR-116/RS;Sul;Atropelamento;1;0;0;0;0;0;0;0;0;0;3;0;0;0;1
23/02/2020;12:17:00;69;com vítima;24;BR-392/RS;Sul;Tombamento;0;0;0;1;0;0;0;0;0;0;0;2;0;0;0
26/02/2020;15:48:00;87;com vítima;22,2;BR-392/RS;Norte;Saída de Pista;0;0;1;0;0;0;0;0;0;0;0;0;1;0;0
26/02/2020;22:44:00;134;com vítima;194,2;BR-392/RS;Norte;Tombamento;0;0;1;0;0;0;0;0;0;0;0;1;0;0;0
29/02/2020;18:06:00;84;com vítima;85,6;BR-392/RS;Norte;Colisão Frontal;1;0;1;0;0;0;0;0;0;0;0;0;1;1;0
01/03/2020;12:28:00;65;com vítima;510,8;BR-116/RS;Norte;Colisão Frontal;1;0;0;1;0;0;0;0;0;0;0;0;1;0;0
02/03/2020;22:47:00;131;com vítima;112,1;BR-392/RS;Sul;Atropelamento de Animal;1;0;0;0;0;0;0;0;0;0;0;0;1;0;0
04/03/2020;07:48:00;16;com vítima;515,8;BR-116/RS;Sul;Outros tipos de acidente;1;0;0;2;0;0;0;0;0;0;1;1;1;0;0
06/03/2020;06:04:00;5;com vítima;528,3;BR-116/RS;Sul;Tombamento;0;0;0;1;0;0;0;0;0;0;0;1;0;0;0
08/03/2020;03:59:00;11;com vítima;113,2;BR-392/RS;Sul;Atropelamento;1;0;0;0;0;0;0;0;0;0;1;0;0;0;1
10/03/2020;13:41:00;70;com vítima;7,8;BR-392/RS;Norte;Abalr. Transversal;1;0;1;0;0;0;0;0;0;0;1;1;0;0;0
10/03/2020;17:20:00;90;com vítima;521;BR-116/RS;Norte;Atropelamento;1;1;0;0;0;0;0;0;0;0;1;1;0;0;0
11/03/2020;08:47:00;33;com vítima;131,6;BR-392/RS;Sul;Saída de Pista;0;0;0;1;0;0;0;0;0;0;0;0;0;1;0
11/03/2020;16:49:00;88;com vítima;22,7;BR-392/RS;Norte;Tombamento;0;0;0;1;0;0;0;0;0;0;0;1;0;0;0
12/03/2020;09:13:00;38;sem vítima;429,5;BR-116/RS;Sul;Colisão com Objeto Fixo;0;0;1;0;0;0;0;0;0;0;2;0;0;0;0
13/03/2020;10:31:00;66;com vítima;461,7;BR-116/RS;Norte;Abalr. Mesmo Sentido;1;0;1;0;0;0;0;0;0;0;2;1;0;0;0
13/03/2020;22:13:00;137;com vítima;19;BR-392/RS;Norte;Saída de Pista;1;0;0;0;0;0;0;0;0;0;0;2;0;0;0
18/03/2020;20:24:00;109;com vítima;5,1;BR-392/RS;Norte;Abalr. Transversal;1;0;1;0;0;0;0;0;0;0;1;1;0;0;0
21/03/2020;16:43:00;87;sem vítima;521,3;BR-116/RS;Sul;Abalr. Mesmo Sentido;1;0;1;0;0;0;0;0;0;0;4;0;0;0;0
22/03/2020;18:49:00;81;com vítima;53,9;BR-392/RS;Sul;Saída de Pista;0;0;1;0;0;0;0;0;0;0;0;0;2;0;0
27/03/2020;02:00:00;4;com vítima;164,6;BR-392/RS;Sul;Saída de Pista;0;0;1;0;0;0;0;0;0;0;0;0;0;1;0
27/03/2020;16:20:00;86;com vítima;476;BR-116/RS;Norte;Abalr. Mesmo Sentido;0;0;2;0;0;0;0;0;0;0;1;0;0;1;0
27/03/2020;22:41:00;112;com vítima;629,2;BR-116/RS;Sul;Atropelamento de Animal;0;0;0;1;0;0;0;0;0;0;0;2;0;0;0
28/03/2020;18:22:00;87;com vítima;41,1;BR-392/RS;Sul;Tombamento;0;0;0;1;0;0;0;0;0;0;0;0;0;1;0
29/03/2020;06:16:00;2;sem vítima;519,9;BR-116/RS;Norte;Capotamento;1;0;0;0;0;0;0;0;0;0;1;0;0;0;0
30/03/2020;23:04:00;137;sem vítima;575;BR-116/RS;Norte;Tombamento;0;0;2;0;0;0;0;0;0;0;2;0;0;0;0
31/03/2020;08:34:00;26;com vítima;556,8;BR-116/RS;Sul;Saída de Pista;1;0;0;0;0;0;0;0;0;0;0;0;2;0;0
01/04/2020;16:12:00;69;com vítima;95,5;BR-392/RS;Sul;Tombamento;0;0;0;1;0;0;0;0;0;0;0;1;1;0;0
02/04/2020;10:38:00;54;com vítima;62;BR-392/RS;Sul;Saída de Pista;0;0;1;1;0;0;0;0;0;0;1;2;0;0;0
03/04/2020;16:35:00;90;com vítima;591,2;BR-116/RS;Norte;Saída de Pista;1;0;0;0;0;0;0;0;0;0;0;0;1;0;0
05/04/2020;06:56:00;6;com vítima;37,9;BR-392/RS;Sul;Saída de Pista;1;0;0;0;0;0;0;0;0;0;0;0;2;0;0
06/04/2020;11:10:00;59;com vítima;520,9;BR-116/RS;Sul;Abalr. Transversal;1;0;0;1;0;0;0;0;0;0;1;0;1;0;0
06/04/2020;15:57:00;87;com vítima;520,9;BR-116/RS;Norte;Abalr. Transversal;1;0;0;1;0;0;0;0;0;0;1;0;0;1;0
07/04/2020;05:13:00;10;sem vítima;613,6;BR-116/RS;Norte;Atropelamento de Animal;0;0;1;0;0;0;0;0;0;0;1;0;0;0;0
07/04/2020;15:58:00;88;com vítima;526,5;BR-116/RS;Norte;Abalr. Transversal;0;0;2;0;0;0;0;0;0;0;1;0;1;0;0
07/04/2020;18:04:00;101;com vítima;424,9;BR-116/RS;Norte;Colisão Traseira;2;0;0;0;0;0;0;0;0;0;2;0;0;2;0
08/04/2020;01:39:00;9;sem vítima;47;BR-392/RS;Norte;Saída de Pista;1;0;0;0;0;0;0;0;0;0;1;0;0;0;0
08/04/2020;19:05:00;91;com vítima;9,5;BR-392/RS;Sul;Abalr. Transversal;0;0;1;1;0;0;0;0;0;0;1;0;1;0;0
12/04/2020;04:41:00;5;sem vítima;87,3;BR-392/RS;Sul;Saída de Pista;1;0;0;0;0;0;0;0;0;0;1;0;0;0;0
14/04/2020;14:54:00;90;com vítima;520,9;BR-116/RS;Norte;Tombamento;0;0;0;1;0;0;0;0;0;0;0;1;0;0;0
15/04/2020;18:51:00;103;com vítima;20,1;BR-392/RS;Sul;Colisão Traseira;2;0;0;0;0;0;0;0;0;0;1;0;1;0;0
16/04/2020;11:14:00;52;com vítima;122,3;BR-392/RS;Sul;Abalr. Transversal;2;0;0;0;0;0;0;0;0;0;0;0;1;1;0
16/04/2020;18:53:00;88;com vítima;10;BR-392/RS;Sul;Colisão Traseira;0;0;2;0;0;0;0;0;0;0;1;0;2;0;0
18/04/2020;11:40:00;64;com vítima;517;BR-116/RS;Norte;Abalr. Transversal;1;0;0;1;0;0;0;0;0;0;1;1;0;0;0
20/04/2020;05:09:00;5;sem vítima;429,5;BR-116/RS;Sul;Colisão com Objeto Fixo;1;0;0;0;0;0;0;0;0;0;1;0;0;0;0
20/04/2020;20:00:00;100;sem vítima;15,6;BR-392/RS;Sul;Tombamento;0;0;1;0;0;0;0;0;0;0;1;0;0;0;0
21/04/2020;22:02:00;90;com vítima;113,5;BR-392/RS;Norte;Colisão Frontal;3;0;0;0;0;0;0;0;0;0;1;2;0;0;0
22/04/2020;19:42:00;111;com vítima;39,4;BR-392/RS;Norte;Abalr. Mesmo Sentido;0;0;1;0;0;0;1;0;0;0;2;0;1;0;0
23/04/2020;17:35:00;102;com vítima;529,5;BR-116/RS;Sul;Abalr. Transversal;0;1;0;1;0;0;0;0;0;0;1;1;0;0;0
24/04/2020;19:13:00;99;com vítima;612,2;BR-116/RS;Sul;Abalr. Transversal;2;0;0;0;0;0;0;0;0;0;0;2;1;0;0
24/04/2020;19:19:00;100;com vítima;93;BR-392/RS;Norte;Saída de Pista;0;0;1;0;0;0;0;0;0;0;1;0;1;0;0
25/04/2020;07:19:00;13;com vítima;521;BR-116/RS;Norte;Abalr. Transversal;2;0;0;0;0;0;0;0;0;0;2;0;1;0;0
27/04/2020;06:45:00;11;com vítima;529,4;BR-116/RS;Sul;Abalr. Transversal;1;0;0;1;0;0;0;0;0;0;1;1;0;0;0
29/04/2020;14:01:00;77;com vítima;44,5;BR-392/RS;Norte;Tombamento;0;0;0;1;0;0;0;0;0;0;0;0;1;0;0
29/04/2020;15:32:00;85;sem vítima;95;BR-392/RS;Sul;Abalr. Mesmo Sentido;1;0;1;0;0;0;0;0;0;0;2;0;0;0;0
30/04/2020;18:59:00;109;com vítima;615,5;BR-116/RS;Norte;Colisão Traseira;0;0;0;1;0;0;1;0;0;0;1;0;1;0;0
01/05/2020;07:40:00;15;sem vítima;64,4;BR-392/RS;Norte;Saída de Pista;0;0;1;0;0;0;0;0;0;0;1;0;0;0;0
02/05/2020;21:03:00;86;sem vítima;656;BR-116/RS;Sul;Atropelamento de Animal;1;0;0;0;0;0;0;0;0;0;1;0;0;0;0
03/05/2020;00:37:00;3;sem vítima;12;BR-392/RS;Norte;Colisão Traseira;0;0;3;0;0;0;0;0;0;0;3;0;0;0;0
03/05/2020;18:49:00;70;com vítima;510,8;BR-116/RS;Sul;Abalr. Transversal;1;0;0;1;0;0;0;0;0;0;1;0;1;0;0
03/05/2020;20:38:00;77;sem vítima;60,3;BR-392/RS;Sul;Colisão Traseira;0;0;2;0;0;0;0;0;0;0;3;0;0;0;0
05/05/2020;15:52:00;72;sem vítima;48,5;BR-392/RS;Sul;Colisão Traseira;0;0;2;0;0;0;0;0;0;0;2;0;0;0;0
06/05/2020;01:21:00;3;sem vítima;476;BR-116/RS;Norte;Saída de Pista;0;0;1;0;0;0;0;0;0;0;1;0;0;0;0
06/05/2020;02:53:00;5;sem vítima;19,4;BR-392/RS;Norte;Atropelamento de Animal;0;0;1;0;0;0;0;0;0;0;1;0;0;0;0
07/05/2020;14:36:00;66;sem vítima;52,2;BR-392/RS;Norte;Colisão Traseira;0;0;2;0;0;0;0;0;0;0;3;0;0;0;0
07/05/2020;19:32:00;95;com vítima;13,5;BR-392/RS;Sul;Atropelamento de Animal;1;0;0;0;0;0;0;0;0;0;3;0;0;1;0
07/05/2020;20:14:00;99;com vítima;13,5;BR-392/RS;Sul;Atropelamento de Animal;1;0;0;0;0;0;0;0;0;0;0;1;0;0;0
08/05/2020;00:37:00;4;com vítima;67;BR-392/RS;Sul;Colisão Frontal;1;0;1;0;0;0;0;0;0;0;1;0;1;0;0
08/05/2020;02:02:00;10;sem vítima;569;BR-116/RS;Norte;Atropelamento de Animal;1;0;0;0;0;0;0;0;0;0;2;0;0;0;0
08/05/2020;10:21:00;58;com vítima;414;BR-116/RS;Sul;Tombamento;0;0;0;1;0;0;0;0;0;0;1;1;0;0;0
10/05/2020;21:40:00;79;com vítima;66,9;BR-392/RS;Sul;Abalr. Transversal;2;0;1;0;0;0;0;0;0;0;3;1;0;0;0
11/05/2020;16:49:00;63;sem vítima;99;BR-392/RS;Sul;Saída de Pista;1;0;0;0;0;0;0;0;0;0;1;0;0;0;0
12/05/2020;09:58:00;41;com vítima;106,8;BR-392/RS;Sul;Saída de Pista;1;0;0;0;0;0;0;0;0;0;0;2;0;0;0
12/05/2020;10:43:00;53;sem vítima;52,3;BR-392/RS;Sul;Tombamento;0;0;0;1;0;0;0;0;0;0;1;0;0;0;0
13/05/2020;11:55:00;57;sem vítima;58,3;BR-392/RS;Norte;Colisão Traseira;0;0;2;0;0;0;0;0;0;0;2;0;0;0;0
13/05/2020;14:14:00;69;com vítima;517;BR-116/RS;Norte;Abalr. Transversal;1;0;0;1;0;0;0;0;0;0;2;0;1;0;0
14/05/2020;12:46:00;63;com vítima;36,1;BR-392/RS;Norte;Saída de Pista;0;0;1;0;0;0;0;0;0;0;0;0;1;0;0
14/05/2020;15:36:00;73;com vítima;72,4;BR-392/RS;Sul;Abalr. Transversal;2;0;0;0;0;0;0;0;0;0;0;3;0;0;0
14/05/2020;15:57:00;75;sem vítima;62,4;BR-392/RS;Sul;Tombamento;0;0;1;0;0;0;0;0;0;0;1;0;0;0;0
15/05/2020;05:19:00;6;sem vítima;27,7;BR-392/RS;Norte;Atropelamento de Animal;0;0;1;0;0;0;0;0;0;0;1;0;0;0;0
16/05/2020;01:09:00;3;com vítima;446;BR-116/RS;Sul;Saída de Pista;0;0;1;0;0;0;0;0;0;0;0;1;0;0;0
18/05/2020;05:47:00;15;com vítima;512;BR-116/RS;Sul;Atropelamento de Animal;1;0;0;0;0;0;0;0;0;0;0;1;0;0;0
18/05/2020;19:18:00;96;sem vítima;41,5;BR-392/RS;Sul;Abalr. Transversal;1;1;0;0;0;0;0;0;0;0;2;0;0;0;0
19/05/2020;08:26:00;26;sem vítima;105;BR-392/RS;Sul;Tombamento;0;0;1;0;0;0;0;0;0;0;1;0;0;0;0
20/05/2020;05:03:00;6;com vítima;91;BR-392/RS;Norte;Saída de Pista;0;0;1;0;0;0;0;0;0;0;0;1;0;0;0
20/05/2020;15:01:00;101;com vítima;525,4;BR-116/RS;Norte;Abalr. Transversal;1;0;1;0;0;0;0;0;0;0;1;1;0;0;0
22/05/2020;14:24:00;70;com vítima;193,4;BR-392/RS;Norte;Saída de Pista;0;0;1;0;0;0;0;0;0;0;0;1;0;0;0
22/05/2020;20:39:00;94;sem vítima;49,9;BR-392/RS;Norte;Saída de Pista;0;0;1;0;0;0;0;0;0;0;1;0;0;0;0
23/05/2020;11:42:00;57;sem vítima;401,1;BR-116/RS;Norte;Abalr. Transversal;2;0;0;0;0;0;0;0;0;0;2;0;0;0;0
24/05/2020;22:02:00;105;sem vítima;121,2;BR-392/RS;Sul;Atropelamento de Animal;1;0;0;0;0;0;0;0;0;0;2;0;0;0;0
25/05/2020;09:29:00;26;sem vítima;9;BR-392/RS;Sul;Abalr. Transversal;0;0;1;0;0;1;0;0;0;0;2;0;0;0;0
26/05/2020;20:30:00;98;com vítima;624,5;BR-116/RS;Norte;Colisão Traseira;0;0;1;1;0;0;0;0;0;0;1;0;0;0;1
27/05/2020;16:07:00;74;sem vítima;400,5;BR-116/RS;Norte;Tombamento;0;0;1;0;0;0;0;0;0;0;2;0;0;0;0
28/05/2020;07:34:00;21;com vítima;444;BR-116/RS;Sul;Colisão Traseira;1;0;1;0;0;0;0;0;0;0;1;0;1;0;0
28/05/2020;15:33:00;69;com vítima;525;BR-116/RS;Norte;Abalr. Sentido Oposto;2;0;0;0;0;0;0;0;0;0;1;1;0;0;0
29/05/2020;07:31:00;18;com vítima;11,8;BR-392/RS;Sul;Colisão Traseira;2;0;1;2;0;0;0;0;0;0;3;2;0;0;0
29/05/2020;07:48:00;24;com vítima;533,6;BR-116/RS;Sul;Saída de Pista;1;0;0;0;0;0;0;0;0;0;0;4;1;0;0
29/05/2020;19:21:00;81;sem vítima;20;BR-392/RS;Norte;Atropelamento de Animal;1;0;0;0;0;0;0;0;0;0;1;0;0;0;0
30/05/2020;15:13:00;76;com vítima;122,5;BR-392/RS;Norte;Abalr. Transversal;1;0;0;1;0;0;0;0;0;0;0;1;0;1;0
31/05/2020;01:34:00;2;com vítima;5,7;BR-392/RS;Norte;Capotamento;1;0;0;0;0;0;0;0;0;0;0;0;1;0;0
31/05/2020;02:06:00;3;com vítima;5,7;BR-392/RS;Norte;Capotamento;1;0;0;0;0;0;0;0;0;0;0;0;1;0;0
31/05/2020;12:51:00;49;com vítima;403,1;BR-116/RS;Sul;Tombamento;0;0;0;1;0;0;0;0;0;0;0;1;0;0;0
31/05/2020;16:20:00;62;com vítima;15,6;BR-392/RS;Norte;Colisão Traseira;1;0;0;1;0;0;0;0;0;0;1;1;0;0;0
01/06/2020;08:18:00;22;com vítima;553,7;BR-116/RS;Sul;Saída de Pista;1;0;0;0;0;0;0;0;0;0;0;0;1;0;0
03/06/2020;01:58:00;5;sem vítima;438,7;BR-116/RS;Norte;Saída de Pista;1;0;0;0;0;0;0;0;0;0;1;0;0;0;0
03/06/2020;18:36:00;98;com vítima;526;BR-116/RS;Norte;Colisão com Objeto Fixo;0;0;0;1;0;0;0;0;0;0;0;0;1;0;0
04/06/2020;16:37:00;73;com vítima;470,3;BR-116/RS;Norte;Colisão Traseira;3;0;0;0;0;0;0;0;0;0;3;1;0;1;0
05/06/2020;20:47:00;95;sem vítima;526;BR-116/RS;Norte;Saída de Pista;1;0;0;0;0;0;0;0;0;0;1;0;0;0;0
06/06/2020;04:52:00;14;com vítima;612;BR-116/RS;Sul;Atropelamento de Animal;1;0;0;0;0;0;0;0;0;0;1;0;1;0;0
07/06/2020;12:22:00;55;sem vítima;52,8;BR-392/RS;Sul;Saída de Pista;1;0;0;0;0;0;0;0;0;0;1;0;0;0;0
07/06/2020;18:59:00;68;sem vítima;20,7;BR-392/RS;Sul;Saída de Pista;0;0;1;0;0;0;0;0;0;0;1;0;0;0;0
08/06/2020;08:53:00;17;com vítima;99,5;BR-392/RS;Sul;Tombamento;0;0;0;1;0;0;0;0;0;0;0;1;0;0;0
08/06/2020;15:06:00;59;com vítima;645,7;BR-116/RS;Norte;Saída de Pista;1;0;0;0;0;0;0;0;0;0;0;1;0;0;0
08/06/2020;17:53:00;73;com vítima;9,1;BR-392/RS;Norte;Abalr. Transversal;1;0;0;1;0;0;0;0;0;0;1;0;1;0;0
09/06/2020;11:44:00;60;com vítima;521,3;BR-116/RS;Norte;Tombamento;0;0;0;1;0;0;0;0;0;0;0;0;1;0;0
09/06/2020;13:30:00;68;com vítima;439,7;BR-116/RS;Norte;Saída de Pista;1;0;0;0;0;0;0;0;0;0;0;1;0;0;0
09/06/2020;18:41:00;93;com vítima;530;BR-116/RS;Sul;Colisão Frontal;0;0;0;2;0;0;0;0;0;0;1;1;0;0;0