data;horario;n_da_ocorrencia;tipo_de_ocorrencia;km;trecho;sentido;tipo_de_acidente;automovel;bicicleta;caminhao;moto;onibus;outros;tracao_animal;transporte_de_cargas_especiais;trator_maquinas;utilitarios;ilesos;levemente_feridos;moderadamente_feridos;gravemente_feridos;mortos
25/02/2021;17:10:00;86;Acidente com vítima;27,4;BR-392/RS;Norte;Colisão Traseira;0;1;1;0;0;0;0;0;0;0;1;0;0;1;0
25/02/2021;20:02:00;102;Acidente com vítima;39,4;BR-392/RS;Norte;Queda de moto;0;0;0;1;0;0;0;0;0;0;0;1;0;0;0
26/02/2021;06:35:00;9;Acidente com vítima;532,3;BR-116/RS;Norte;Abalr. Sentido Oposto;1;0;1;0;0;0;0;0;0;0;8;1;0;0;0
26/02/2021;14:23:00;75;Acidente com vítima;54,6;BR-392/RS;Norte;Queda de moto;0;0;0;1;0;0;0;0;0;0;0;0;2;0;0
28/02/2021;17:55:00;78;Acidente com vítima;526,8;BR-116/RS;Sul;Colisão com Objeto Fixo;0;0;0;1;0;0;0;0;0;0;0;0;1;0;0
01/03/2021;10:37:00;53;Acidente sem vítima;639;BR-116/RS;Sul;Colisão Traseira;1;0;1;0;0;0;0;0;0;0;2;0;0;0;0
02/03/2021;07:47:00;17;Acidente sem vítima;91,9;BR-392/RS;Sul;Saída de Pista;0;0;1;0;0;0;0;0;0;0;2;0;0;0;0
03/03/2021;20:24:00;101;Acidente sem vítima;105;BR-392/RS;Norte;Saída de Pista;1;0;0;0;0;0;0;0;0;0;1;0;0;0;0
04/03/2021;10:20:00;45;Acidente sem vítima;61;BR-392/RS;Sul;Saída de Pista;1;0;0;0;0;0;0;0;0;0;1;0;0;0;0
05/03/2021;00:51:00;3;Acidente sem vítima;524,7;BR-116/RS;Sul;Saída de Pista;0;0;1;0;0;0;0;0;0;0;2;0;0;0;0
05/03/2021;01:08:00;5;Acidente sem vítima;91,2;BR-392/RS;Sul;Outros tipos de acidente;1;0;0;0;0;0;0;0;0;0;2;0;0;0;0
05/03/2021;09:21:00;35;Acidente sem vítima;67,5;BR-392/RS;Norte;Saída de Pista;1;0;0;0;0;0;0;0;0;0;1;0;0;0;0
05/03/2021;09:22:00;36;Acidente com vítima;73,9;BR-392/RS;Norte;Abalr. Transversal;1;0;0;1;0;0;0;0;0;0;1;1;0;0;0
05/03/2021;12:26:00;62;Acidente sem vítima;526,5;BR-116/RS;Sul;Saída de Pista;1;0;0;0;0;0;0;0;0;0;3;0;0;0;0
05/03/2021;20:12:00;112;Acidente sem vítima;526;BR-116/RS;Norte;Colisão Traseira;1;0;0;0;1;0;0;0;0;0;19;0;0;0;0
06/03/2021;01:38:00;2;Acidente sem vítima;405;BR-116/RS;Sul;Saída de Pista;1;0;1;0;0;0;0;0;0;0;2;0;0;0;0
06/03/2021;15:31:00;81;Acidente com vítima;464,2;BR-116/RS;Norte;Abalr. Transversal;1;0;0;1;0;0;0;0;0;0;1;1;0;0;0
07/03/2021;14:47:00;64;Acidente com vítima;2,8;BR-392/RS;Norte;Abalr. Transversal;2;0;0;0;0;0;0;0;0;0;1;2;0;0;0
07/03/2021;21:16:00;90;Acidente sem vítima;74;BR-392/RS;Sul;Atropelamento de Animal;1;0;0;0;0;0;0;0;0;0;3;0;0;0;0
08/03/2021;15:04:00;86;Acidente com vítima;61,8;BR-392/RS;Sul;Atropelamento;0;1;1;0;0;0;0;0;0;0;1;0;1;0;0
09/03/2021;18:05:00;98;Acidente com vítima;530;BR-116/RS;Sul;Abalr. Transversal;1;0;0;1;0;0;0;0;0;0;1;2;0;0;0
09/03/2021;23:19:00;125;Acidente sem vítima;79;BR-392/RS;Norte;Atropelamento de Animal;1;0;0;0;0;0;0;0;0;0;1;0;0;0;0
10/03/2021;01:19:00;1;Acidente sem vítima;483;BR-116/RS;Norte;Atropelamento de Animal;0;0;1;0;0;0;0;0;0;0;1;0;0;0;0
10/03/2021;13:33:00;60;Acidente com vítima;9;BR-392/RS;Norte;Colisão Traseira;0;0;1;1;0;0;0;0;0;0;1;1;0;0;0
11/03/2021;19:59:00;112;Acidente sem vítima;401,9;BR-116/RS;Norte;Abalr. Transversal;2;0;0;0;0;0;0;0;0;0;2;0;0;0;0
12/03/2021;05:38:00;6;Acidente sem vítima;437;BR-116/RS;Norte;Saída de Pista;0;0;1;0;0;0;0;0;0;0;1;0;0;0;0
14/03/2021;23:08:00;115;Acidente sem vítima;56,5;BR-392/RS;Sul;Atropelamento de Animal;0;0;1;0;0;0;0;0;0;0;1;0;0;0;0
15/03/2021;17:21:00;83;Acidente com vítima;120,6;BR-392/RS;Norte;Abalr. Transversal;1;0;1;0;0;0;0;0;0;0;1;0;1;0;0
15/03/2021;17:29:00;84;Acidente sem vítima;521;BR-116/RS;Sul;Outros tipos de acidente;0;0;1;0;0;0;0;0;0;0;1;0;0;0;0
16/03/2021;05:14:00;10;Acidente sem vítima;419,5;BR-116/RS;Sul;Atropelamento de Animal;1;0;0;0;0;0;0;0;0;0;1;0;0;0;0
16/03/2021;05:26:00;12;Acidente sem vítima;446,3;BR-116/RS;Sul;Tombamento;0;0;1;0;0;0;0;0;0;0;1;0;0;0;0
16/03/2021;17:54:00;124;Acidente sem vítima;440,7;BR-116/RS;Norte;Saída de Pista;1;0;0;0;0;0;0;0;0;0;2;0;0;0;0
17/03/2021;04:53:00;6;Acidente com vítima;512,6;BR-116/RS;Norte;Saída de Pista;0;0;1;0;0;0;0;0;0;0;2;1;0;0;0
17/03/2021;20:02:00;130;Acidente sem vítima;606,6;BR-116/RS;Sul;Colisão Traseira;0;0;2;0;0;0;0;0;0;0;2;0;0;0;0
17/03/2021;20:41:00;133;Acidente sem vítima;546;BR-116/RS;Norte;Atropelamento de Animal;0;0;1;0;0;0;0;0;0;0;1;0;0;0;0
18/03/2021;20:59:00;117;Acidente com vítima;117;BR-392/RS;Norte;Saída de Pista;1;0;0;0;0;0;0;0;0;0;0;1;0;0;0
18/03/2021;21:18:00;119;Acidente sem vítima;83,2;BR-392/RS;Sul;Abalr. Mesmo Sentido;0;0;2;0;0;0;0;0;0;0;2;0;0;0;0
19/03/2021;01:16:00;8;Acidente sem vítima;467;BR-116/RS;Norte;Saída de Pista;0;0;1;0;0;0;0;0;0;0;1;0;0;0;0
19/03/2021;03:04:00;10;Acidente com vítima;16;BR-392/RS;Norte;Outros tipos de acidente;0;0;1;0;0;0;0;0;0;0;0;0;1;0;0
19/03/2021;07:28:00;17;Acidente com vítima;84,6;BR-392/RS;Sul;Saída de Pista;1;0;0;0;0;0;0;0;0;0;0;1;0;0;0
19/03/2021;23:09:00;151;Acidente sem vítima;27,7;BR-392/RS;Norte;Tombamento;0;0;1;0;0;0;0;0;0;0;1;0;0;0;0
20/03/2021;11:10:00;62;Acidente sem vítima;405,2;BR-116/RS;Sul;Saída de Pista;1;0;0;0;0;0;0;0;0;0;1;0;0;0;0
20/03/2021;11:31:00;67;Acidente sem vítima;16,2;BR-392/RS;Sul;Abalr. Mesmo Sentido;1;0;1;0;0;0;0;0;0;0;3;0;0;0;0
20/03/2021;14:48:00;84;Acidente com vítima;479;BR-116/RS;Sul;Saída de Pista;1;0;0;0;0;0;0;0;0;0;0;2;0;0;0
20/03/2021;21:19:00;120;Acidente com vítima;495,8;BR-116/RS;Norte;Saída de Pista;0;0;1;0;0;0;0;0;0;0;0;0;0;1;0
20/03/2021;23:55:00;133;Acidente sem vítima;126;BR-392/RS;Sul;Tombamento;0;0;1;0;0;0;0;0;0;0;1;0;0;0;0
21/03/2021;03:12:00;8;Acidente sem vítima;115;BR-392/RS;Sul;Capotamento;1;0;0;0;0;0;0;0;0;0;1;0;0;0;0
21/03/2021;13:59:00;58;Acidente sem vítima;31;BR-392/RS;Norte;Outros tipos de acidente;1;0;0;0;0;0;0;0;0;0;5;0;0;0;0
22/03/2021;02:42:00;5;Acidente sem vítima;435;BR-116/RS;Norte;Atropelamento de Animal;1;0;0;0;0;0;0;0;0;0;1;0;0;0;0
22/03/2021;06:27:00;10;Acidente com vítima;563,5;BR-116/RS;Sul;Abalr. Transversal;1;0;1;0;0;0;0;0;0;0;1;2;0;0;0
23/03/2021;17:07:00;87;Acidente com vítima;477,2;BR-116/RS;Norte;Abalr. Mesmo Sentido;0;1;1;0;0;0;0;0;0;0;1;0;1;0;0
24/03/2021;00:25:00;2;Acidente sem vítima;413;BR-116/RS;Norte;Saída de Pista;1;0;0;0;0;0;0;0;0;0;4;0;0;0;0
25/03/2021;03:01:00;12;Acidente sem vítima;58;BR-392/RS;Sul;Colisão Traseira;1;0;1;0;0;0;0;0;0;0;2;0;0;0;0
25/03/2021;05:03:00;16;Acidente com vítima;9;BR-392/RS;Sul;Colisão Traseira;0;0;2;0;0;0;0;0;0;0;1;1;0;0;0
26/03/2021;21:42:00;131;Acidente sem vítima;450,3;BR-116/RS;Sul;Colisão Traseira;0;0;2;0;0;0;0;0;0;0;2;0;0;0;0
27/03/2021;18:16:00;102;Acidente sem vítima;521,8;BR-116/RS;Norte;Colisão Traseira;2;0;0;0;0;0;0;0;0;0;6;0;0;0;0
28/03/2021;08:54:00;32;Acidente com vítima;523,5;BR-116/RS;Norte;Queda de moto;0;0;0;1;0;0;0;0;0;0;0;0;2;0;0
30/03/2021;02:12:00;8;Acidente com vítima;474,6;BR-116/RS;Sul;Tombamento;0;0;1;0;0;0;0;0;0;0;0;1;0;0;0
30/03/2021;07:31:00;18;Acidente com vítima;10,5;BR-392/RS;Sul;Colisão Traseira;0;0;2;0;0;0;0;0;0;0;1;1;0;0;0
31/03/2021;00:30:00;3;Acidente sem vítima;485;BR-116/RS;Sul;Saída de Pista;0;0;1;0;0;0;0;0;0;0;1;0;0;0;0
31/03/2021;10:24:00;52;Acidente com vítima;42,9;BR-392/RS;Norte;Atropelamento de Animal;0;0;0;1;0;0;0;0;0;0;0;0;1;0;0
31/03/2021;20:07:00;121;Acidente com morte;467,1;BR-116/RS;Norte;Colisão Frontal;1;0;1;0;0;0;0;0;0;0;1;0;0;1;1
02/04/2021;17:22:00;84;Acidente com vítima;140;BR-392/RS;Sul;Abalr. Transversal;0;0;1;1;0;0;0;0;0;0;2;0;1;0;0
05/04/2021;07:21:00;16;Acidente com vítima;520,9;BR-116/RS;Norte;Abalr. Transversal;1;0;0;1;0;0;0;0;0;0;2;0;1;0;0
05/04/2021;16:40:00;95;Acidente com morte;136,9;BR-392/RS;Sul;Colisão Frontal;1;0;1;0;0;0;0;0;0;0;0;1;0;1;2
06/04/2021;09:17:00;55;Acidente com vítima;140,3;BR-392/RS;Sul;Abalr. Transversal;1;0;1;0;0;0;0;0;0;0;3;2;0;0;0
07/04/2021;19:51:00;127;Acidente com vítima;646,5;BR-116/RS;Sul;Colisão Traseira;0;0;1;1;0;0;0;0;0;0;1;0;1;1;0
08/04/2021;20:13:00;135;Acidente com vítima;15,9;BR-392/RS;Norte;Colisão Traseira;0;0;0;1;0;0;1;0;0;0;0;1;0;0;0
08/04/2021;22:56:00;159;Acidente sem vítima;66;BR-392/RS;Norte;Saída de Pista;0;0;0;0;0;1;0;0;0;0;4;0;0;0;0
10/04/2021;07:26:00;20;Acidente sem vítima;8,5;BR-392/RS;Sul;Abalr. Sentido Oposto;1;0;1;0;0;0;0;0;0;0;2;0;0;0;0
14/04/2021;17:44:00;97;Acidente com vítima;628,6;BR-116/RS;Norte;Saída de Pista;1;0;0;0;0;0;0;0;0;0;0;0;1;0;0
15/04/2021;13:53:00;91;Acidente com vítima;494;BR-116/RS;Sul;Queda de moto;0;0;0;1;0;0;0;0;0;0;0;0;1;0;0
15/04/2021;16:15:00;107;Acidente sem vítima;21,5;BR-392/RS;Sul;Saída de Pista;1;0;0;0;0;0;0;0;0;0;2;0;0;0;0
15/04/2021;19:50:00;132;Acidente com vítima;480,4;BR-116/RS;Sul;Abalr. Transversal;2;0;0;0;0;0;0;0;0;0;0;2;1;0;0
16/04/2021;23:53:00;151;Acidente com vítima;418,8;BR-116/RS;Norte;Saída de Pista;1;0;0;0;0;0;0;0;0;0;0;1;0;0;0
17/04/2021;10:32:00;66;Acidente com vítima;91,5;BR-392/RS;Norte;Saída de Pista;0;0;1;0;0;0;0;0;0;0;0;1;1;0;0
17/04/2021;14:21:00;86;Acidente com vítima;14,5;BR-392/RS;Sul;Colisão Traseira;0;0;1;1;0;0;0;0;0;0;1;0;1;0;0
17/04/2021;14:42:00;89;Acidente com vítima;33;BR-392/RS;Norte;Abalr. Transversal;1;0;1;0;0;0;0;0;0;0;1;1;1;2;0
17/04/2021;18:03:00;103;Acidente com vítima;515;BR-116/RS;Sul;Queda de moto;0;0;0;1;0;0;0;0;0;0;0;1;1;0;0
18/04/2021;06:37:00;12;Acidente com vítima;526;BR-116/RS;Norte;Queda de moto;0;0;0;1;0;0;0;0;0;0;0;1;0;0;0
18/04/2021;18:46:00;124;Acidente com vítima;529;BR-116/RS;Norte;Abalr. Transversal;0;0;0;2;0;0;0;0;0;0;0;0;0;2;0
20/04/2021;10:29:00;65;Acidente com vítima;9,8;BR-392/RS;Sul;Colisão Traseira;0;0;1;1;0;0;0;0;0;0;1;0;1;0;0
21/04/2021;00:20:00;1;Acidente com vítima;43,8;BR-392/RS;Norte;Outros tipos de acidente;0;0;1;1;0;0;0;0;0;0;1;0;1;0;0
21/04/2021;00:39:00;4;Acidente com vítima;43,8;BR-392/RS;Norte;Outros tipos de acidente;0;0;1;1;0;0;0;0;0;0;1;0;1;0;0
23/04/2021;12:55:00;85;Acidente com vítima;517;BR-116/RS;Norte;Abalr. Transversal;1;0;0;1;0;0;0;0;0;0;2;1;0;0;0
23/04/2021;13:40:00;89;Acidente com vítima;505;BR-116/RS;Norte;Saída de Pista;2;0;0;0;0;0;0;0;0;0;1;0;1;0;0
23/04/2021;19:27:00;124;Acidente sem vítima;568,5;BR-116/RS;Sul;Atropelamento de Animal;1;0;0;0;0;0;0;0;0;0;4;0;0;0;0
23/04/2021;20:56:00;140;Acidente sem vítima;530,1;BR-116/RS;Sul;Abalr. Sentido Oposto;2;0;0;0;0;0;0;0;0;0;2;0;0;0;0
23/04/2021;21:08:00;141;Acidente com morte;189;BR-392/RS;Norte;Colisão Frontal;1;0;1;0;0;0;0;0;0;0;1;0;0;1;1
24/04/2021;11:12:00;59;Acidente com vítima;442,5;BR-116/RS;Sul;Saída de Pista;0;0;1;0;0;0;0;0;0;0;0;1;0;0;0
25/04/2021;06:05:00;13;Acidente com vítima;515;BR-116/RS;Norte;Atropelamento de Animal;0;0;0;1;0;0;0;0;0;0;0;0;1;0;0
28/04/2021;02:20:00;9;Acidente sem vítima;18,9;BR-392/RS;Norte;Atropelamento de Animal;0;0;1;0;0;0;0;0;0;0;1;0;0;0;0
28/04/2021;19:41:00;104;Acidente com vítima;103;BR-392/RS;Sul;Colisão Traseira;0;0;2;0;0;0;0;0;0;0;1;0;1;0;0
29/04/2021;20:44:00;107;Acidente sem vítima;524,5;BR-116/RS;Sul;Saída de Pista;0;0;1;0;0;0;0;0;0;0;1;0;0;0;0
30/04/2021;06:02:00;13;Acidente com vítima;411;BR-116/RS;Sul;Saída de Pista;0;0;1;0;0;0;0;0;0;0;0;1;0;0;0
02/05/2021;05:14:00;6;Acidente com vítima;72,8;BR-392/RS;Norte;Saída de Pista;1;0;0;0;0;0;0;0;0;0;0;0;1;0;0
04/05/2021;10:18:00;51;Acidente sem vítima;19,7;BR-392/RS;Sul;Colisão com Objeto Fixo;1;0;0;0;0;0;0;0;0;0;2;0;0;0;0
04/05/2021;12:34:00;66;Acidente com vítima;450;BR-116/RS;Norte;Saída de Pista;1;0;0;0;0;0;0;0;0;0;3;1;1;0;0
04/05/2021;13:55:00;77;Acidente com vítima;41;BR-392/RS;Sul;Saída de Pista;1;0;0;0;0;0;0;0;0;0;1;3;0;0;0
08/05/2021;20:05:00;90;Acidente com morte;123;BR-392/RS;Norte;Colisão Frontal;1;0;2;0;0;0;0;0;0;0;2;0;0;0;1
09/05/2021;01:47:00;9;Acidente com morte;656,5;BR-116/RS;Norte;Colisão Traseira;1;0;0;2;0;0;0;0;0;0;1;2;0;0;1
09/05/2021;15:29:00;78;Acidente com morte;1,7;BR-392/RS;Sul;Tombamento;0;1;1;0;0;0;0;0;0;0;1;0;0;0;1
11/05/2021;01:29:00;6;Acidente sem vítima;119;BR-392/RS;Norte;Atropelamento de Animal;0;0;1;0;0;0;0;0;0;0;1;0;0;0;0
11/05/2021;01:41:00;8;Acidente sem vítima;119;BR-392/RS;Sul;Atropelamento de Animal;0;0;1;0;0;0;0;0;0;0;1;0;0;0;0
13/05/2021;08:39:00;23;Acidente com vítima;518;BR-116/RS;Norte;Outros tipos de acidente;0;0;0;1;0;0;0;0;0;0;0;1;0;0;0
14/05/2021;14:52:00;64;Acidente com vítima;412,9;BR-116/RS;Sul;Colisão Frontal;2;0;0;0;0;0;0;0;0;0;2;1;0;0;0
15/05/2021;00:59:00;4;Acidente sem vítima;57,3;BR-392/RS;Sul;Saída de Pista;1;0;0;0;0;0;0;0;0;0;1;0;0;0;0
15/05/2021;13:41:00;64;Acidente com vítima;35,9;BR-392/RS;Norte;Queda de moto;0;0;0;1;0;0;0;0;0;0;0;1;0;0;0
16/05/2021;08:13:00;31;Acidente com vítima;586,9;BR-116/RS;Sul;Saída de Pista;1;0;0;0;0;0;0;0;0;0;0;0;1;1;0
16/05/2021;20:09:00;92;Acidente com vítima;518,7;BR-116/RS;Norte;Colisão com Objeto Fixo;1;0;0;0;0;0;0;0;0;0;0;1;0;0;0
17/05/2021;07:06:00;8;Acidente com morte;560,5;BR-116/RS;Sul;Colisão Frontal;1;0;0;1;0;0;0;0;0;0;3;0;0;0;1
18/05/2021;05:39:00;8;Acidente sem vítima;41,8;BR-392/RS;Sul;Atropelamento de Animal;1;0;0;0;0;0;0;0;0;0;4;0;0;0;0
18/05/2021;06:07:00;10;Acidente sem vítima;41,8;BR-392/RS;Sul;Atropelamento de Animal;1;0;0;0;0;0;0;0;0;0;1;0;0;0;0
18/05/2021;09:37:00;39;Acidente com morte;187;BR-392/RS;Norte;Colisão Frontal;1;0;1;0;0;0;0;0;0;0;1;0;0;0;2
21/05/2021;00:16:00;1;Acidente com vítima;1,7;BR-392/RS;Sul;Abalr. Transversal;1;0;1;0;0;0;0;0;0;0;1;1;0;0;0
21/05/2021;18:27:00;92;Acidente sem vítima;427;BR-116/RS;Norte;Atropelamento de Animal;0;0;0;1;0;0;0;0;0;0;1;0;0;0;0
25/05/2021;07:45:00;18;Acidente sem vítima;5,1;BR-392/RS;Norte;Abalr. Transversal;0;0;2;0;0;0;0;0;0;0;2;0;0;0;0
26/05/2021;15:08:00;67;Acidente com vítima;558,2;BR-116/RS;Sul;Saída de Pista;0;0;0;1;0;0;0;0;0;0;0;0;2;0;0
26/05/2021;18:13:00;78;Acidente com vítima;514;BR-116/RS;Norte;Colisão com Objeto Fixo;0;0;0;1;0;0;0;0;0;0;0;1;0;0;0
26/05/2021;23:46:00;108;Acidente com vítima;5,6;BR-392/RS;Norte;Saída de Pista;1;0;0;0;0;0;0;0;0;0;0;1;0;0;0
28/05/2021;15:30:00;55;Acidente com vítima;602,8;BR-116/RS;Sul;Colisão Frontal;2;0;0;0;0;0;0;0;0;0;0;3;2;0;0
29/05/2021;15:22:00;64;Acidente com vítima;123,4;BR-392/RS;Norte;Abalr. Transversal;2;0;0;0;0;0;0;0;0;0;0;3;1;0;0
29/05/2021;16:15:00;69;Acidente com vítima;11;BR-392/RS;Norte;Queda de moto;0;0;0;1;0;0;0;0;0;0;0;1;0;0;0
29/05/2021;18:54:00;80;Acidente com vítima;59,5;BR-392/RS;Sul;Saída de Pista;0;0;1;0;0;0;0;0;0;0;0;1;0;0;0
29/05/2021;23:26:00;106;Acidente sem vítima;167;BR-392/RS;Sul;Atropelamento de Animal;0;0;1;0;0;0;0;0;0;0;2;0;0;0;0
30/05/2021;16:46:00;69;Acidente com vítima;530,05;BR-116/RS;Norte;Abalr. Transversal;2;0;0;0;0;0;0;0;0;0;4;1;0;0;0
30/05/2021;21:55:00;97;Acidente com vítima;118,1;BR-392/RS;Sul;Atropelamento de Animal;0;0;0;1;0;0;0;0;0;0;0;1;0;0;0
30/05/2021;23:25:00;106;Acidente com vítima;653,5;BR-116/RS;Sul;Abalr. Sentido Oposto;1;0;2;0;1;0;0;0;0;0;21;0;2;0;0
01/06/2021;08:59:00;38;Acidente com vítima;20,9;BR-392/RS;Norte;Abalr. Mesmo Sentido;1;0;1;0;0;0;0;0;0;0;1;0;1;0;0
02/06/2021;13:05:00;76;Acidente com vítima;12,1;BR-392/RS;Norte;Colisão Traseira;0;0;1;1;0;0;0;0;0;0;1;0;1;0;0
02/06/2021;19:24:00;108;Acidente sem vítima;6,7;BR-392/RS;Sul;Abalr. Transversal;1;0;0;1;0;0;0;0;0;0;3;0;0;0;0
03/06/2021;19:49:00;87;Acidente sem vítima;566,5;BR-116/RS;Norte;Atropelamento de Animal;1;0;0;0;0;0;0;0;0;0;2;0;0;0;0
03/06/2021;21:59:00;98;Acidente sem vítima;173;BR-392/RS;Norte;Atropelamento de Animal;0;0;1;0;0;0;0;0;0;0;1;0;0;0;0
03/06/2021;22:27:00;105;Acidente com vítima;6,5;BR-392/RS;Norte;Saída de Pista;0;0;0;1;0;0;0;0;0;0;1;1;0;0;0
06/06/2021;20:29:00;75;Acidente com vítima;21,9;BR-392/RS;Norte;Saída de Pista;1;0;0;0;0;0;0;0;0;0;0;0;1;0;0
07/06/2021;07:22:00;15;Acidente com vítima;530,1;BR-116/RS;Norte;Abalr. Transversal;1;0;0;1;0;0;0;0;0;0;1;0;0;1;0
07/06/2021;21:40:00;123;Acidente com vítima;84;BR-392/RS;Sul;Tombamento;0;0;1;0;0;0;0;0;0;0;0;0;0;1;0
10/06/2021;07:14:00;15;Acidente com vítima;5,1;BR-392/RS;Norte;Colisão Traseira;0;0;1;1;0;0;0;0;0;0;1;0;1;0;0
12/06/2021;05:10:00;11;Acidente com vítima;427;BR-116/RS;Sul;Saída de Pista;1;0;1;0;0;0;0;0;0;0;1;1;0;0;0
13/06/2021;15:06:00;49;Acidente com vítima;140;BR-392/RS;Sul;Abalr. Transversal;1;0;0;1;0;0;0;0;0;0;2;0;0;2;0
14/06/2021;05:40:00;15;Acidente com vítima;77,4;BR-392/RS;Sul;Saída de Pista;0;0;0;1;0;0;0;0;0;0;0;1;0;0;0
15/06/2021;07:23:00;5;Acidente com vítima;481,5;BR-116/RS;Sul;Saída de Pista;0;0;1;0;0;0;0;0;0;0;1;0;0;1;0
16/06/2021;09:56:00;28;Acidente sem vítima;517;BR-116/RS;Norte;Abalr. Transversal;1;0;1;0;0;0;0;0;0;0;2;0;0;0;0
18/06/2021;18:09:00;107;Acidente com vítima;530,1;BR-116/RS;Sul;Abalr. Transversal;1;0;0;1;0;0;0;0;0;0;2;1;1;0;0
19/06/2021;00:52:00;4;Acidente com vítima;525,1;BR-116/RS;Sul;Colisão Frontal;2;0;0;0;0;0;0;0;0;0;5;4;0;0;0
19/06/2021;16:46:00;91;Acidente com vítima;196;BR-392/RS;Sul;Saída de Pista;0;0;1;0;0;0;0;0;0;0;0;1;0;0;0
19/06/2021;17:03:00;93;Acidente com vítima;481;BR-116/RS;Sul;Saída de Pista;1;0;0;0;0;0;0;0;0;0;2;1;0;0;0
22/06/2021;17:41:00;93;Acidente com vítima;118;BR-392/RS;Sul;Abalr. Transversal;1;0;0;1;0;0;0;0;0;0;1;0;1;0;0
24/06/2021;11:10:00;56;Acidente com vítima;516,7;BR-116/RS;Norte;Colisão Traseira;1;0;0;1;0;0;0;0;0;0;1;1;0;0;0
25/06/2021;07:52:00;24;Acidente com vítima;519,2;BR-116/RS;Sul;Colisão Traseira;2;0;0;0;0;0;0;0;0;0;1;1;0;0;0
26/06/2021;04:18:00;13;Acidente com vítima;117;BR-392/RS;Sul;Colisão Frontal;1;0;1;0;0;0;0;0;0;0;1;1;0;0;0
27/06/2021;10:47:00;40;Acidente com vítima;73;BR-392/RS;Sul;Colisão Frontal;1;1;0;0;0;0;0;0;0;0;3;0;0;1;0
29/06/2021;08:58:00;33;Acidente com morte;476,2;BR-116/RS;Norte;Colisão Frontal;1;0;1;0;0;0;0;0;0;0;0;1;0;0;1
29/06/2021;15:42:00;71;Acidente com vítima;406,8;BR-116/RS;Norte;Abalr. Mesmo Sentido;1;0;1;0;0;0;0;0;0;0;2;1;1;0;0
01/07/2021;07:38:00;19;Acidente com vítima;7,1;BR-392/RS;Norte;Abalr. Transversal;0;0;0;1;1;0;0;0;0;0;1;0;1;0;0
02/07/2021;23:00:00;122;Acidente com vítima;119,2;BR-392/RS;Sul;Colisão Traseira;0;1;0;1;0;0;0;0;0;0;0;2;0;0;0
05/07/2021;09:52:00;23;Acidente com vítima;525;BR-116/RS;Norte;Colisão Traseira;0;0;1;1;0;0;0;0;0;0;1;1;0;0;0
05/07/2021;11:10:00;41;Acidente com vítima;7,7;BR-392/RS;Norte;Abalr. Transversal;0;0;1;0;1;0;0;0;0;0;1;4;0;0;0
05/07/2021;16:59:00;86;Acidente com vítima;7,1;BR-392/RS;Norte;Colisão Traseira;5;0;1;0;0;0;0;0;0;0;4;0;2;0;0
05/07/2021;17:23:00;91;Acidente com vítima;59,3;BR-392/RS;Norte;Colisão Traseira;0;0;3;0;0;0;0;0;0;0;2;0;1;0;0
07/07/2021;02:28:00;9;Acidente sem vítima;118,3;BR-392/RS;Sul;Colisão com Objeto Fixo;0;0;1;0;0;0;0;0;0;0;1;0;0;0;0
08/07/2021;08:45:00;26;Acidente com vítima;5,5;BR-392/RS;Sul;Colisão Frontal;1;0;1;0;0;0;0;0;0;0;1;0;1;0;0
09/07/2021;15:56:00;86;Acidente com vítima;424,2;BR-116/RS;Sul;Colisão Traseira;2;0;0;0;0;0;0;0;0;0;1;0;1;0;0
10/07/2021;03:35:00;8;Acidente sem vítima;532,4;BR-116/RS;Sul;Abalr. Transversal;1;0;1;0;0;0;0;0;0;0;2;0;0;0;0
10/07/2021;14:40:00;63;Acidente com vítima;604;BR-116/RS;Sul;Saída de Pista;1;0;0;0;0;0;0;0;0;0;0;1;0;0;0
11/07/2021;05:14:00;11;Acidente sem vítima;4,1;BR-392/RS;Norte;Saída de Pista;0;0;0;1;0;0;0;0;0;0;1;0;0;0;0
11/07/2021;07:06:00;16;Acidente sem vítima;29,3;BR-392/RS;Norte;Saída de Pista;1;0;0;0;0;0;0;0;0;0;1;0;0;0;0
11/07/2021;23:48:00;108;Acidente com vítima;590,8;BR-116/RS;Norte;Capotamento;1;0;0;0;0;0;0;0;0;0;0;1;0;1;0