data;horario;n_da_ocorrencia;tipo_de_ocorrencia;km;trecho;sentido;tipo_de_acidente;automovel;bicicleta;caminhao;moto;onibus;outros;tracao_animal;transporte_de_cargas_especiais;trator_maquinas;utilitarios;ilesos;levemente_feridos;moderadamente_feridos;gravemente_feridos;mortos
12/07/2021;04:15:00;8;Acidente com vítima;23;BR-392/RS;Norte;Saída de Pista;1;0;0;0;0;0;0;0;0;0;0;2;0;0;0
15/07/2021;16:32:00;89;Acidente com vítima;657,7;BR-116/RS;Sul;Abalr. Transversal;2;0;0;0;0;0;0;0;0;0;1;5;0;0;0
17/07/2021;00:29:00;1;Acidente sem vítima;72,3;BR-392/RS;Sul;Saída de Pista;1;0;0;0;0;0;0;0;0;0;1;0;0;0;0
17/07/2021;01:06:00;3;Acidente sem vítima;527,9;BR-116/RS;Sul;Atropelamento de Animal;1;0;0;0;0;0;0;0;0;0;1;0;0;0;0
18/07/2021;02:32:00;7;Acidente com vítima;115;BR-392/RS;Norte;Abalr. Transversal;1;0;0;1;0;0;0;0;0;0;1;0;1;0;0
20/07/2021;19:00:00;104;Acidente com vítima;21,2;BR-392/RS;Sul;Atropelamento de Animal;1;0;0;0;0;0;0;0;0;0;0;0;0;1;0
25/07/2021;01:57:00;8;Acidente sem vítima;9;BR-392/RS;Sul;Colisão Traseira;2;0;1;0;0;0;0;0;0;0;3;0;0;0;0
25/07/2021;03:32:00;9;Acidente com vítima;26;BR-392/RS;Norte;Saída de Pista;0;0;0;1;0;0;0;0;0;0;0;0;1;0;0
25/07/2021;04:42:00;10;Acidente com vítima;5,6;BR-392/RS;Norte;Saída de Pista;1;0;0;0;0;0;0;0;0;0;0;0;3;0;0
25/07/2021;21:59:00;88;Acidente com vítima;11,5;BR-392/RS;Sul;Atropelamento de Animal;0;0;2;1;0;0;0;0;0;0;2;2;0;0;0
25/07/2021;23:18:00;97;Acidente com vítima;505,1;BR-116/RS;Sul;Saída de Pista;1;0;0;0;0;0;0;0;0;0;0;1;0;0;0
28/07/2021;04:54:00;6;Acidente com vítima;196,5;BR-392/RS;Sul;Saída de Pista;0;0;1;0;0;0;0;0;0;0;0;1;0;0;0
29/07/2021;08:02:00;18;Acidente com vítima;11;BR-392/RS;Sul;Colisão Traseira;0;0;1;1;0;0;0;0;0;0;1;0;1;0;0
30/07/2021;06:07:00;6;Acidente com vítima;3;BR-392/RS;Norte;Atropelamento de Animal;0;0;0;1;0;0;0;0;0;0;0;1;0;0;0
02/08/2021;03:04:00;4;Acidente sem vítima;113;BR-392/RS;Norte;Saída de Pista;1;0;0;0;0;0;0;0;0;0;1;0;0;0;0
02/08/2021;05:27:00;6;Acidente sem vítima;113,9;BR-392/RS;Sul;Saída de Pista;1;0;0;0;0;0;0;0;0;0;1;0;0;0;0
06/08/2021;15:02:00;82;Acidente com vítima;77,4;BR-392/RS;Sul;Abalr. Sentido Oposto;1;0;1;0;0;0;0;0;0;0;1;0;1;0;0
06/08/2021;18:59:00;99;Acidente com vítima;72;BR-392/RS;Norte;Colisão Traseira;0;0;1;1;0;0;0;0;0;0;1;1;0;0;0
07/08/2021;11:03:00;45;Acidente sem vítima;106,3;BR-392/RS;Sul;Abalr. Transversal;2;0;0;0;0;0;0;0;0;0;6;0;0;0;0
08/08/2021;11:32:00;55;Acidente com vítima;118,6;BR-392/RS;Sul;Colisão com Objeto Fixo;0;0;0;1;0;0;0;0;0;0;0;0;1;0;0
08/08/2021;13:41:00;64;Acidente com morte;504,6;BR-116/RS;Sul;Saída de Pista;1;0;0;0;0;0;0;0;0;0;0;0;4;0;1
09/08/2021;14:43:00;77;Acidente com morte;90,4;BR-392/RS;Sul;Colisão Frontal;0;0;2;1;0;0;0;0;0;0;1;0;1;0;1
09/08/2021;15:05:00;78;Acidente com vítima;151;BR-392/RS;Sul;Saída de Pista;1;0;0;0;0;0;0;0;0;0;1;1;0;0;0
13/08/2021;07:56:00;16;Acidente com vítima;521;BR-116/RS;Sul;Abalr. Transversal;0;0;1;1;0;0;0;0;0;0;1;0;1;0;0
13/08/2021;18:58:00;91;Acidente com vítima;527;BR-116/RS;Norte;Abalr. Mesmo Sentido;2;0;1;0;0;0;0;0;0;0;5;3;1;0;0
13/08/2021;22:24:00;114;Acidente com morte;199,1;BR-392/RS;Norte;Colisão Frontal;1;0;1;0;0;0;0;0;0;0;1;0;0;0;2
14/08/2021;05:41:00;10;Acidente com vítima;143;BR-392/RS;Sul;Atropelamento de Animal;1;0;0;0;0;0;0;0;0;0;0;1;0;0;0
18/08/2021;08:01:00;13;Acidente com vítima;1,5;BR-392/RS;Norte;Queda de moto;1;0;0;1;0;0;0;0;0;0;1;0;1;0;0
18/08/2021;14:08:00;74;Acidente com vítima;71,4;BR-392/RS;Norte;Abalr. Transversal;1;0;0;1;0;0;0;0;0;0;1;2;0;0;0
20/08/2021;21:13:00;106;Acidente com vítima;8,9;BR-392/RS;Sul;Abalr. Mesmo Sentido;1;0;1;0;0;0;0;0;0;0;1;0;1;0;0
22/08/2021;06:22:00;15;Acidente sem vítima;65,8;BR-392/RS;Norte;Outros tipos de acidente;1;0;0;0;0;0;0;0;0;0;1;0;0;0;0
22/08/2021;15:10:00;74;Acidente com vítima;524,6;BR-116/RS;Sul;Abalr. Mesmo Sentido;0;1;1;0;0;0;0;0;0;0;1;0;0;1;0
23/08/2021;12:06:00;60;Acidente com vítima;28,1;BR-392/RS;Norte;Saída de Pista;1;0;0;0;0;0;0;0;0;0;0;1;0;0;0
25/08/2021;18:18:00;96;Acidente com vítima;74;BR-392/RS;Sul;Colisão Frontal;0;0;2;0;0;0;0;0;0;0;0;3;0;1;0
26/08/2021;08:35:00;19;Acidente com vítima;10,3;BR-392/RS;Sul;Colisão Traseira;0;0;2;0;0;0;0;0;0;0;1;1;0;0;0
27/08/2021;01:45:00;5;Acidente sem vítima;525,8;BR-116/RS;Sul;Colisão Traseira;1;0;1;0;0;0;0;0;0;0;3;0;0;0;0
29/08/2021;07:24:00;17;Acidente com vítima;640,1;BR-116/RS;Sul;Saída de Pista;1;0;0;0;0;0;0;0;0;0;0;1;0;0;0
30/08/2021;13:59:00;63;Acidente com vítima;44;BR-392/RS;Sul;Abalr. Transversal;0;0;1;1;0;0;0;0;0;0;1;0;0;1;0
02/09/2021;05:43:00;7;Acidente com vítima;171,6;BR-392/RS;Sul;Colisão Traseira;1;0;1;0;0;0;0;0;0;0;1;1;0;0;0
02/09/2021;16:16:00;81;Acidente sem vítima;193,5;BR-392/RS;Sul;Saída de Pista;0;0;1;0;0;0;0;0;0;0;1;0;0;0;0
03/09/2021;18:13:00;92;Acidente sem vítima;540,8;BR-116/RS;Sul;Colisão Traseira;2;0;0;0;0;0;0;0;0;0;5;0;0;0;0
05/09/2021;08:35:00;26;Acidente com vítima;93,9;BR-392/RS;Norte;Tombamento;0;0;1;0;0;0;0;0;0;0;0;0;1;0;0
05/09/2021;22:05:00;100;Acidente com vítima;585,2;BR-116/RS;Sul;Saída de Pista;1;0;0;0;0;0;0;0;0;0;0;0;1;0;0
07/09/2021;19:36:00;60;Acidente com vítima;6,3;BR-392/RS;Sul;Colisão Traseira;2;0;0;0;0;0;0;0;0;0;1;1;0;0;0
11/09/2021;03:10:00;6;Acidente sem vítima;113,5;BR-392/RS;Sul;Saída de Pista;1;0;0;0;0;0;0;0;0;0;1;0;0;0;0
11/09/2021;19:55:00;82;Acidente com vítima;75,7;BR-392/RS;Norte;Colisão Frontal;3;0;0;0;0;0;0;0;0;0;3;2;1;0;0
13/09/2021;11:16:00;46;Acidente sem vítima;403,2;BR-116/RS;Sul;Saída de Pista;1;0;0;0;0;0;0;0;0;0;1;0;0;0;0
13/09/2021;13:11:00;56;Acidente com vítima;21,7;BR-392/RS;Sul;Saída de Pista;1;0;0;0;0;0;0;0;0;0;0;0;1;0;0
14/09/2021;07:15:00;15;Acidente sem vítima;606,5;BR-116/RS;Sul;Tombamento;1;0;0;0;0;0;0;0;0;0;1;0;0;0;0
15/09/2021;10:29:00;48;Acidente sem vítima;528,2;BR-116/RS;Norte;Colisão Traseira;2;0;0;0;0;0;0;0;0;0;4;0;0;0;0
15/09/2021;13:49:00;78;Acidente com morte;483,9;BR-116/RS;Sul;Colisão Traseira;0;0;2;0;0;0;0;0;0;0;1;0;0;0;1
16/09/2021;07:29:00;10;Acidente com vítima;427;BR-116/RS;Sul;Abalr. Transversal;1;0;0;1;0;0;0;0;0;0;1;0;1;0;0
17/09/2021;20:25:00;132;Acidente com vítima;530,2;BR-116/RS;Sul;Atropelamento;1;1;0;0;0;0;0;0;0;0;1;0;1;0;0
17/09/2021;20:46:00;133;Acidente com morte;519,4;BR-116/RS;Norte;Colisão Traseira;0;0;2;0;0;0;0;0;0;0;0;0;1;0;1
18/09/2021;15:46:00;72;Acidente com vítima;516,6;BR-116/RS;Norte;Colisão Traseira;1;0;0;1;0;0;0;0;0;0;1;0;0;1;0
20/09/2021;12:28:00;42;Acidente com vítima;5,1;BR-392/RS;Sul;Abalr. Transversal;0;0;2;0;0;0;0;0;0;0;1;0;1;0;0
20/09/2021;17:17:00;69;Acidente com vítima;592,8;BR-116/RS;Norte;Saída de Pista;1;0;0;0;0;0;0;0;0;0;1;1;0;0;0
21/09/2021;13:18:00;123;Acidente com vítima;488,5;BR-116/RS;Norte;Abalr. Transversal;2;0;0;0;0;0;0;0;0;0;1;1;1;0;0
23/09/2021;09:42:00;36;Acidente com vítima;617;BR-116/RS;Sul;Saída de Pista;1;0;0;0;0;0;0;0;0;0;0;1;0;0;0
23/09/2021;21:58:00;124;Acidente com vítima;400,5;BR-116/RS;Norte;Colisão com Objeto Fixo;0;0;1;0;0;0;0;0;0;0;0;1;0;0;0
24/09/2021;03:59:00;14;Acidente sem vítima;66;BR-392/RS;Norte;Saída de Pista;1;0;0;0;0;0;0;0;0;0;1;0;0;0;0
24/09/2021;20:00:00;131;Acidente com vítima;530,5;BR-116/RS;Norte;Abalr. Transversal;1;0;0;1;0;0;0;0;0;0;1;0;1;0;0
25/09/2021;19:12:00;86;Acidente com vítima;20,2;BR-392/RS;Sul;Abalr. Mesmo Sentido;1;0;0;1;0;0;0;0;0;0;1;0;1;0;0
28/09/2021;05:04:00;10;Acidente sem vítima;51,2;BR-392/RS;Sul;Saída de Pista;1;0;0;0;0;0;0;0;0;0;3;0;0;0;0
30/09/2021;07:06:00;10;Acidente com morte;410,7;BR-116/RS;Sul;Colisão Frontal;0;0;2;0;0;0;0;0;0;0;0;1;0;1;1
30/09/2021;08:10:00;18;Acidente com vítima;410,7;BR-116/RS;Sul;Colisão Traseira;1;0;1;0;0;0;0;0;0;0;2;1;0;0;0
02/10/2021;15:28:00;72;Acidente sem vítima;101;BR-392/RS;Norte;Saída de Pista;1;0;0;0;0;0;0;0;0;0;1;0;0;0;0
02/10/2021;20:37:00;99;Acidente com morte;47,2;BR-392/RS;Norte;Queda de moto;0;0;0;1;0;0;0;0;0;0;0;0;0;0;1
03/10/2021;04:21:00;18;Acidente com vítima;5,5;BR-392/RS;Norte;Saída de Pista;1;0;0;0;0;0;0;0;0;0;1;0;1;0;0
04/10/2021;07:39:00;22;Acidente com vítima;66,9;BR-392/RS;Sul;Abalr. Transversal;1;1;0;0;0;0;0;0;0;0;1;1;0;0;0
04/10/2021;20:07:00;101;Acidente com vítima;599,7;BR-116/RS;Sul;Colisão Traseira;1;0;0;1;0;0;0;0;0;0;1;0;1;0;0
06/10/2021;09:05:00;31;Acidente sem vítima;100,6;BR-392/RS;Norte;Saída de Pista;1;0;0;0;0;0;0;0;0;0;1;0;0;0;0
06/10/2021;16:44:00;85;Acidente com vítima;87,6;BR-392/RS;Norte;Abalr. Transversal;1;0;0;1;0;0;0;0;0;0;4;0;1;0;0
08/10/2021;12:50:00;67;Acidente sem vítima;657,2;BR-116/RS;Norte;Colisão Traseira;1;0;1;0;0;0;0;0;0;0;4;0;0;0;0
08/10/2021;15:16:00;79;Acidente com vítima;75,9;BR-392/RS;Norte;Abalr. Transversal;1;0;0;1;0;0;0;0;0;0;1;1;1;0;0
09/10/2021;04:52:00;11;Acidente sem vítima;117;BR-392/RS;Norte;Colisão Traseira;1;0;1;0;0;0;0;0;0;0;2;0;0;0;0
10/10/2021;18:02:00;72;Acidente com vítima;86;BR-392/RS;Sul;Saída de Pista;1;0;0;0;0;0;0;0;0;0;0;0;2;0;0
11/10/2021;15:51:00;128;Acidente com vítima;21,5;BR-392/RS;Sul;Saída de Pista;1;0;0;0;0;0;0;0;0;0;0;0;3;1;0
11/10/2021;22:01:00;151;Acidente sem vítima;194;BR-392/RS;Sul;Abalr. Sentido Oposto;0;0;2;0;0;0;0;0;0;0;2;0;0;0;0
13/10/2021;06:18:00;13;Acidente com morte;81,5;BR-392/RS;Sul;Colisão Frontal;1;0;0;1;0;0;0;0;0;0;1;0;0;1;1
14/10/2021;12:27:00;76;Acidente com vítima;619,4;BR-116/RS;Norte;Tombamento;0;0;1;0;0;0;0;0;0;0;0;1;0;0;0
14/10/2021;16:44:00;101;Acidente sem vítima;54;BR-392/RS;Norte;Tombamento;0;0;1;0;0;0;0;0;0;0;1;0;0;0;0
14/10/2021;20:30:00;109;Acidente com vítima;519;BR-116/RS;Norte;Colisão Traseira;2;0;0;0;0;0;0;0;0;0;6;1;0;0;0
15/10/2021;22:41:00;92;Acidente com vítima;530;BR-116/RS;Norte;Abalr. Transversal;1;0;0;1;0;0;0;0;0;0;1;1;0;0;0
16/10/2021;12:06:00;62;Acidente com vítima;526;BR-116/RS;Norte;Queda de moto;0;0;0;1;0;0;0;0;0;0;0;1;0;0;0
17/10/2021;22:39:00;111;Acidente com vítima;18,5;BR-392/RS;Norte;Abalr. Transversal;0;1;0;1;0;0;0;0;0;0;0;0;2;0;0
19/10/2021;19:23:00;99;Acidente com vítima;76;BR-392/RS;Sul;Atropelamento;0;1;0;0;0;0;0;0;0;0;0;1;1;0;0
20/10/2021;10:34:00;46;Acidente sem vítima;47,8;BR-392/RS;Norte;Colisão Traseira;1;0;2;0;0;0;0;0;0;0;3;0;0;0;0
21/10/2021;05:58:00;10;Acidente com vítima;443;BR-116/RS;Sul;Saída de Pista;0;0;1;0;0;0;0;0;0;0;0;0;0;1;0
21/10/2021;16:07:00;82;Acidente com vítima;28,4;BR-392/RS;Sul;Queda de moto;0;0;0;1;0;0;0;0;0;0;0;1;0;0;0
21/10/2021;18:05:00;96;Acidente com vítima;519,4;BR-116/RS;Norte;Abalr. Transversal;1;0;0;1;0;0;0;0;0;0;2;0;1;0;0
21/10/2021;19:53:00;107;Acidente com vítima;525;BR-116/RS;Norte;Abalr. Transversal;1;0;0;1;0;0;0;0;0;0;1;1;0;0;0
21/10/2021;23:45:00;132;Acidente sem vítima;58,6;BR-392/RS;Norte;Atropelamento de Animal;0;0;1;0;0;0;0;0;0;0;1;0;0;0;0
23/10/2021;15:18:00;70;Acidente com morte;550,2;BR-116/RS;Sul;Saída de Pista;1;0;0;0;0;0;0;0;0;0;0;0;0;0;4
24/10/2021;10:11:00;37;Acidente com vítima;413,6;BR-116/RS;Sul;Saída de Pista;1;0;0;0;0;0;0;0;0;0;0;1;0;0;0
25/10/2021;16:00:00;81;Acidente com vítima;554,3;BR-116/RS;Sul;Abalr. Transversal;2;0;0;0;0;0;0;0;0;0;4;0;1;0;0
29/10/2021;00:48:00;3;Acidente com morte;117,8;BR-392/RS;Sul;Atropelamento;1;0;0;0;0;0;0;0;0;0;1;0;0;0;1
29/10/2021;09:30:00;36;Acidente sem vítima;19,5;BR-392/RS;Sul;Abalr. Mesmo Sentido;1;0;1;0;0;0;0;0;0;0;2;0;0;0;0
30/10/2021;07:32:00;20;Acidente com morte;12,8;BR-392/RS;Sul;Colisão Traseira;1;0;0;1;0;0;0;0;0;0;1;0;0;0;1
30/10/2021;10:22:00;45;Acidente sem vítima;527;BR-116/RS;Sul;Tombamento;0;0;1;0;0;0;0;0;0;0;1;0;0;0;0
30/10/2021;16:42:00;86;Acidente com vítima;526,5;BR-116/RS;Norte;Queda de moto;0;0;0;1;0;0;0;0;0;0;0;0;1;0;0
31/10/2021;05:55:00;16;Acidente sem vítima;5,5;BR-392/RS;Norte;Colisão com Objeto Fixo;1;0;0;0;0;0;0;0;0;0;1;0;0;0;0
02/11/2021;07:34:00;12;Sem vítima;418,300;BR-116/RS;Decrescente;Colisão lateral em sentido contrário;1;0;0;0;0;0;0;0;0;0;2;0;0;0;0
02/11/2021;11:28:00;37;Sem vítima;1,600;BR-392/RS;Crescente;Saída de pista;1;0;0;0;0;0;0;0;0;0;1;0;0;0;0
02/11/2021;12:20:00;41;Com vítima;488,300;BR-116/RS;Crescente;Saída de pista;0;0;0;1;0;0;0;0;0;0;0;0;1;0;0
02/11/2021;19:36:00;70;Sem vítima;5,006;BR-392/RS;Decrescente;Saída de pista;1;0;0;0;0;0;0;0;0;0;3;0;0;0;0
03/11/2021;18:24:00;58;Com vítima;518,000;BR-116/RS;Decrescente;Queda de moto;0;0;0;1;0;0;0;0;0;0;1;1;0;0;0
04/11/2021;15:40:00;49;Com vítima;49,500;BR-392/RS;Decrescente;Queda de moto;0;0;0;1;0;0;0;0;0;0;0;2;0;0;0
06/11/2021;03:51:00;4;Com vítima;20,100;BR-392/RS;Decrescente;Queda de moto;0;0;0;1;0;0;0;0;0;0;0;0;1;0;0
06/11/2021;20:42:00;51;Com vítima;427,200;BR-116/RS;Decrescente;Colisão transversal;1;0;0;1;0;0;0;0;0;0;2;1;0;0;0
06/11/2021;22:26:00;54;Sem vítima;26,200;BR-392/RS;Crescente;Saída de pista;1;0;0;0;0;0;0;0;0;0;1;0;0;0;0
10/11/2021;15:21:00;57;Com vítima;76,400;BR-392/RS;Crescente;Colisão transversal;1;0;0;1;0;0;0;0;0;0;2;0;1;0;0
11/11/2021;07:55:00;7;Com vítima;52,300;BR-392/RS;Decrescente;Colisão traseira;1;0;0;0;0;1;0;0;0;0;1;2;0;0;0
11/11/2021;21:48:00;75;Com vítima;46,000;BR-392/RS;Crescente;Atropelamento de animal;0;0;2;0;0;0;0;0;0;0;1;0;1;0;0
12/11/2021;07:04:00;14;Com vítima;28,400;BR-392/RS;Decrescente;Acidentes de outra natureza;0;0;0;0;0;1;0;0;0;0;0;0;0;0;1
13/11/2021;17:42:00;61;Sem vítima;517,000;BR-116/RS;Decrescente;Colisão transversal;2;0;0;0;0;0;0;0;0;0;2;0;0;0;0
14/11/2021;21:31:00;54;Com vítima;460,800;BR-116/RS;Crescente;Atropelamento de animal;1;0;0;0;0;0;0;0;0;0;4;0;1;0;0
16/11/2021;14:53:00;49;Com vítima;41,900;BR-392/RS;Decrescente;Choque;1;0;0;0;0;0;0;0;0;0;0;0;1;0;0
19/11/2021;17:09:00;64;Com vítima;530,200;BR-116/RS;Crescente;Colisão transversal;0;1;0;0;0;0;0;0;0;0;0;0;1;0;0
19/11/2021;17:24:00;65;Com vítima;52,300;BR-392/RS;Decrescente;Choque;1;0;0;0;0;1;0;0;0;0;4;0;1;0;0
19/11/2021;20:54:00;75;Com vítima;419,000;BR-116/RS;Crescente;Atropelamento de animal;0;0;0;0;0;0;0;0;0;0;0;0;0;0;0
20/11/2021;06:39:00;5;Com vítima;517,000;BR-116/RS;Decrescente;Queda de moto;0;0;0;1;0;0;0;0;0;0;0;0;0;1;0
20/11/2021;20:03:00;48;Sem vítima;28,000;BR-392/RS;Decrescente;Saída de pista;1;0;0;0;0;0;0;0;0;0;1;0;0;0;0
21/11/2021;08:21:00;14;Sem vítima;61,300;BR-392/RS;Decrescente;Choque;1;0;0;0;0;0;0;0;0;0;1;0;0;0;0
21/11/2021;08:22:00;15;Com vítima;18,000;BR-392/RS;Decrescente;Queda de moto;0;0;0;1;0;0;0;0;0;0;1;1;0;0;0
21/11/2021;09:43:00;23;Sem vítima;653,800;BR-116/RS;Crescente;Colisão transversal;1;0;0;0;0;0;0;0;0;0;1;0;0;0;0
23/11/2021;06:31:00;8;Sem vítima;193,800;BR-392/RS;Decrescente;Saída de pista;0;0;0;0;0;1;0;0;0;0;1;0;0;0;0
28/11/2021;01:03:00;3;Sem vítima;51,300;BR-392/RS;Decrescente;Atropelamento de animal;1;0;0;0;0;0;0;0;0;0;2;0;0;0;0
28/11/2021;20:51:00;90;Com vítima;644,000;BR-116/RS;Decrescente;Saída de pista;1;0;0;0;0;0;0;0;0;0;1;1;0;0;0
29/11/2021;01:53:00;4;Com vítima;477,400;BR-116/RS;Decrescente;Saída de pista;1;0;0;0;0;0;0;0;0;0;3;2;0;0;0
29/11/2021;19:38:00;82;Com vítima;117,100;BR-392/RS;Decrescente;Colisão transversal;1;0;0;1;0;0;0;0;0;0;1;1;0;0;0
29/11/2021;21:07:00;89;Com vítima;73,500;BR-392/RS;Decrescente;Colisão traseira;2;0;0;0;0;0;0;0;0;0;0;1;1;0;0
01/12/2021;17:38:00;45;Com vítima;19,100;BR-392/RS;Decrescente;Colisão traseira;0;0;0;0;0;1;0;0;1;0;3;1;0;0;0
02/12/2021;13:26:00;47;Com vítima;114,700;BR-392/RS;Crescente;Colisão transversal;2;0;0;0;0;0;0;0;0;0;1;0;0;1;0
02/12/2021;15:03:00;53;Sem vítima;19,200;BR-392/RS;Crescente;Colisão lateral no mesmo sentido;1;0;0;0;0;1;0;0;0;0;3;0;0;0;0
03/12/2021;00:52:00;3;Com vítima;18,800;BR-392/RS;Crescente;Colisão traseira;1;0;1;0;0;0;0;0;0;0;1;0;0;0;1
03/12/2021;11:48:00;40;Sem vítima;446,100;BR-116/RS;Decrescente;Saída de pista;1;0;0;0;0;0;0;0;0;0;3;0;0;0;0
04/12/2021;05:38:00;8;Sem vítima;18,500;BR-392/RS;Decrescente;Saída de pista;1;0;0;0;0;0;0;0;0;0;1;0;0;0;0
04/12/2021;23:51:00;71;Sem vítima;476,900;BR-116/RS;Crescente;Saída de pista;1;0;0;0;0;0;0;0;0;0;1;0;0;0;0
06/12/2021;06:01:00;15;Sem vítima;527,000;BR-116/RS;Decrescente;Acidentes de outra natureza;1;0;0;0;0;0;0;0;0;0;1;0;0;0;0
08/12/2021;21:16:00;87;Com vítima;657,200;BR-116/RS;Crescente;Saída de pista;1;0;0;0;0;0;0;0;0;0;0;2;0;0;0
09/12/2021;19:59:00;56;Sem vítima;526,500;BR-116/RS;Crescente;Tombamento;0;0;0;1;0;0;0;0;0;0;1;0;0;0;0
09/12/2021;21:43:00;60;Com vítima;18,000;BR-392/RS;Decrescente;Colisão lateral no mesmo sentido;2;0;0;0;0;0;0;0;0;0;0;0;0;3;0
10/12/2021;13:27:00;39;Com vítima;117,700;BR-392/RS;Crescente;Engavetamento;2;0;0;1;0;2;0;0;0;0;4;0;2;3;0
11/12/2021;21:18:00;66;Com vítima;16,700;BR-392/RS;Decrescente;Colisão transversal;0;0;0;1;0;0;1;0;0;0;1;0;1;0;0
12/12/2021;03:57:00;6;Sem vítima;114,100;BR-392/RS;Crescente;Choque;1;0;0;0;0;0;0;0;0;0;1;0;0;0;0
14/12/2021;09:41:00;21;Sem vítima;20,600;BR-392/RS;Decrescente;Saída de pista;1;0;0;0;0;0;0;0;0;0;1;0;0;0;0
15/12/2021;10:44:00;25;Sem vítima;405,400;BR-116/RS;Decrescente;Saída de pista;1;0;0;0;0;0;0;0;0;0;2;0;0;0;0
15/12/2021;17:43:00;63;Com vítima;150,000;BR-392/RS;Crescente;Saída de pista;0;0;0;0;0;1;0;0;0;0;0;0;1;0;0
16/12/2021;20:42:00;71;Com vítima;569,000;BR-116/RS;Crescente;Atropelamento de animal;1;0;1;0;0;0;0;0;0;0;4;0;1;0;0
16/12/2021;22:13:00;76;Sem vítima;8,900;BR-392/RS;Decrescente;Colisão transversal;0;0;0;0;0;2;0;0;0;0;2;0;0;0;0
18/12/2021;03:14:00;3;Com vítima;97,400;BR-392/RS;Crescente;Saída de pista;1;0;0;0;0;0;0;0;0;0;0;1;0;0;0
19/12/2021;21:16:00;75;Com vítima;95,000;BR-392/RS;Decrescente;Colisão traseira;0;0;1;1;0;0;0;0;0;0;1;0;0;0;1
20/12/2021;02:01:00;4;Sem vítima;165,700;BR-392/RS;Decrescente;Colisão lateral em sentido contrário;0;0;0;0;0;1;0;0;0;0;1;0;0;0;0
20/12/2021;02:04:00;5;Com vítima;83,800;BR-392/RS;Decrescente;Saída de pista;0;0;0;0;0;1;0;0;0;0;0;0;1;0;0
21/12/2021;16:04:00;50;Com vítima;517,000;BR-116/RS;Decrescente;Colisão transversal;1;0;0;1;0;0;0;0;0;0;1;0;1;0;0
24/12/2021;03:25:00;11;Sem vítima;96,900;BR-392/RS;Crescente;Saída de pista;0;0;0;0;0;1;0;0;0;0;1;0;0;0;0
24/12/2021;18:37:00;63;Com vítima;21,500;BR-392/RS;Crescente;Saída de pista;1;0;0;0;0;0;0;0;0;0;0;4;0;0;0
24/12/2021;21:04:00;78;Sem vítima;420,001;BR-116/RS;Crescente;Atropelamento de animal;1;0;0;0;0;0;0;0;0;0;1;0;0;0;0
25/12/2021;08:15:00;13;Com vítima;412,000;BR-116/RS;Crescente;Saída de pista;1;0;0;0;0;0;0;0;0;0;0;1;0;0;0
28/12/2021;07:30:00;17;Com vítima;120,100;BR-392/RS;Crescente;Colisão traseira;0;0;0;1;0;0;0;0;0;0;0;0;0;0;1
28/12/2021;13:21:00;40;Com vítima;51,300;BR-392/RS;Crescente;Colisão traseira;1;0;0;0;0;1;0;0;0;0;1;0;0;2;1
29/12/2021;01:42:00;6;Com vítima;9,700;BR-392/RS;Decrescente;Engavetamento;0;0;0;0;0;3;0;0;0;0;2;0;0;1;0
29/12/2021;17:56:00;53;Com vítima;519,000;BR-116/RS;Crescente;Colisão transversal;2;0;0;0;0;0;0;0;0;0;2;1;0;0;0
01/01/2022;07:17:00;9;Com vítima;472,000;BR-116/RS;Decrescente;Saída de pista;1;0;0;0;0;0;0;0;0;0;0;0;1;0;0
02/01/2022;13:46:00;44;Sem vítima;194,200;BR-392/RS;Crescente;Saída de pista;1;0;0;0;0;0;0;0;0;0;1;0;0;0;0
03/01/2022;02:11:00;4;Com vítima;444,800;BR-116/RS;Decrescente;Saída de pista;0;0;0;0;0;0;0;0;0;1;0;0;0;1;0
03/01/2022;10:17:00;38;Sem vítima;184,100;BR-392/RS;Decrescente;Colisão transversal;1;0;1;0;0;0;0;0;0;0;3;0;0;0;0
04/01/2022;20:16:00;92;Sem vítima;66,900;BR-392/RS;Crescente;Colisão lateral no mesmo sentido;1;0;0;0;0;1;0;0;0;0;2;0;0;0;0
05/01/2022;23:36:00;82;Sem vítima;587,700;BR-116/RS;Decrescente;Saída de pista;0;0;0;0;0;1;0;0;0;0;3;0;0;0;0