data;horario;n_da_ocorrencia;tipo_de_ocorrencia;km;trecho;sentido;tipo_de_acidente;automovel;bicicleta;caminhao;moto;onibus;outros;tracao_animal;transporte_de_cargas_especiais;trator_maquinas;utilitarios;ilesos;levemente_feridos;moderadamente_feridos;gravemente_feridos;mortos
07/01/2022;14:54:00;101;Sem vítima;18,000;BR-392/RS;Crescente;Colisão lateral no mesmo sentido;0;0;1;0;0;0;0;0;0;0;2;0;0;0;0
09/01/2022;23:25:00;86;Com vítima;73,500;BR-392/RS;Decrescente;Atropelamento de animal;0;0;0;1;0;0;0;0;0;0;0;0;1;0;0
12/01/2022;18:07:00;62;Sem vítima;19,900;BR-392/RS;Crescente;Saída de pista;1;0;0;0;0;0;0;0;0;0;1;0;0;0;0
14/01/2022;21:59:00;93;Com vítima;28,000;BR-392/RS;Decrescente;Colisão traseira;1;0;0;0;0;0;0;0;0;0;0;0;1;0;0
15/01/2022;06:19:00;5;Sem vítima;130,200;BR-392/RS;Crescente;Saída de pista;1;0;0;0;0;0;0;0;0;0;2;0;0;0;0
15/01/2022;15:57:00;65;Com vítima;99,500;BR-392/RS;Decrescente;Tombamento;0;0;1;0;0;0;0;0;0;0;0;1;0;0;0
16/01/2022;17:03:00;64;Sem vítima;193,700;BR-392/RS;Crescente;Saída de pista;1;0;0;0;0;0;0;0;0;0;1;0;0;0;0
17/01/2022;08:08:00;21;Sem vítima;40,000;BR-392/RS;Decrescente;Colisão traseira;1;0;0;1;0;0;0;0;0;0;2;0;0;0;0
17/01/2022;17:49:00;60;Com vítima;193,400;BR-392/RS;Crescente;Colisão frontal;1;0;0;0;0;1;0;0;0;0;1;0;0;0;2
17/01/2022;23:07:00;82;Com vítima;67,000;BR-392/RS;Decrescente;Colisão transversal;1;0;0;1;0;0;0;0;0;0;1;1;0;0;0
18/01/2022;07:34:00;12;Com vítima;450,000;BR-116/RS;Crescente;Colisão traseira;0;0;1;0;0;0;0;0;0;1;1;1;0;0;0
20/01/2022;07:57:00;18;Sem vítima;66,900;BR-392/RS;Crescente;Colisão transversal;2;0;0;0;0;0;0;0;0;0;2;0;0;0;0
20/01/2022;16:15:00;64;Sem vítima;451,500;BR-116/RS;Crescente;Saída de pista;1;0;0;0;0;0;0;0;0;0;4;0;0;0;0
20/01/2022;16:18:00;67;Com vítima;519,600;BR-116/RS;Decrescente;Queda de moto;0;0;0;1;0;0;0;0;0;0;1;0;1;0;0
20/01/2022;17:51:00;77;Com vítima;7,000;BR-392/RS;Crescente;Colisão transversal;0;0;0;2;0;0;0;0;0;0;1;1;0;0;0
23/01/2022;02:25:00;7;Com vítima;477,500;BR-116/RS;Decrescente;Saída de pista;1;0;0;0;0;0;0;0;0;0;1;1;1;0;0
23/01/2022;14:52:00;45;Sem vítima;36,000;BR-392/RS;Decrescente;Colisão lateral no mesmo sentido;2;0;0;0;0;1;0;0;0;0;8;0;0;0;0
24/01/2022;05:40:00;10;Com vítima;564,800;BR-116/RS;Decrescente;Saída de pista;1;0;0;0;0;0;0;0;0;0;2;0;0;0;0
24/01/2022;08:16:00;25;Sem vítima;523,100;BR-116/RS;Crescente;Saída de pista;1;0;0;0;0;0;0;0;0;0;1;0;0;0;0
26/01/2022;07:22:00;10;Sem vítima;435,300;BR-116/RS;Decrescente;Saída de pista;1;0;0;0;0;0;0;0;0;0;2;0;0;0;0
26/01/2022;14:00:00;43;Sem vítima;147,100;BR-392/RS;Decrescente;Colisão transversal;0;0;2;0;0;0;0;0;0;0;3;0;0;0;0
27/01/2022;12:50:00;39;Sem vítima;60,900;BR-392/RS;Crescente;Saída de pista;0;0;0;0;0;1;0;0;0;0;1;0;0;0;0
28/01/2022;08:51:00;22;Sem vítima;526,500;BR-116/RS;Crescente;Colisão lateral no mesmo sentido;0;0;2;0;0;0;0;0;0;0;2;0;0;0;0
28/01/2022;23:21:00;76;Sem vítima;22,000;BR-392/RS;Crescente;Colisão lateral no mesmo sentido;1;0;1;0;0;0;0;0;0;0;3;0;0;0;0
30/01/2022;05:28:00;3;Com vítima;401,400;BR-116/RS;Decrescente;Atropelamento de animal;0;0;1;0;0;0;0;0;0;0;2;0;1;0;0
30/01/2022;08:52:00;12;Sem vítima;640,200;BR-116/RS;Crescente;Saída de pista;1;0;0;0;0;0;0;0;0;0;1;0;0;0;0
31/01/2022;09:22:00;39;Sem vítima;402,900;BR-116/RS;Crescente;Saída de pista;1;0;0;0;0;0;0;0;0;0;3;0;0;0;0
01/02/2022;17:37:00;74;Com vítima;528,100;BR-116/RS;Decrescente;Colisão lateral no mesmo sentido;1;1;0;0;0;0;0;0;0;0;1;1;0;0;0
03/02/2022;23:53:00;77;Sem vítima;19,600;BR-392/RS;Crescente;Atropelamento de animal;1;0;0;0;0;0;0;0;0;0;1;0;0;0;0
04/02/2022;03:10:00;6;Com vítima;526,600;BR-116/RS;Decrescente;Capotamento;1;0;0;0;0;0;0;0;0;0;0;0;1;0;0
04/02/2022;23:26:00;74;Sem vítima;469,000;BR-116/RS;Decrescente;Saída de pista;1;0;0;0;0;0;0;0;0;0;1;0;0;0;0
05/02/2022;01:44:00;3;Com vítima;114,000;BR-392/RS;Crescente;Colisão lateral em sentido contrário;2;0;1;0;0;0;0;0;0;0;1;5;0;0;0
06/02/2022;14:11:00;39;Com vítima;25,300;BR-392/RS;Crescente;Colisão lateral no mesmo sentido;2;0;0;0;0;0;0;0;0;0;8;4;0;0;0
06/02/2022;16:46:00;50;Com vítima;437,100;BR-116/RS;Crescente;Queda de moto;0;0;0;1;0;0;0;0;0;0;0;2;0;0;0
06/02/2022;19:12:00;56;Sem vítima;87,100;BR-392/RS;Crescente;Colisão traseira;2;0;0;0;0;0;0;0;0;0;2;0;0;0;0
07/02/2022;06:37:00;6;Com vítima;410,500;BR-116/RS;Crescente;Saída de pista;1;0;0;0;0;0;0;0;0;0;1;0;1;0;0
07/02/2022;10:43:00;32;Sem vítima;410,500;BR-116/RS;Crescente;Colisão traseira;2;0;0;0;0;0;0;0;0;0;2;0;0;0;0
07/02/2022;14:33:00;51;Sem vítima;510,300;BR-116/RS;Decrescente;Colisão lateral no mesmo sentido;1;0;1;0;0;0;0;0;0;0;3;0;0;0;0
08/02/2022;21:36:00;73;Sem vítima;512,000;BR-116/RS;Decrescente;Queda de moto;0;0;0;1;0;0;0;0;0;0;1;0;0;0;0
11/02/2022;16:25:00;50;Com vítima;117,000;BR-392/RS;Crescente;Colisão lateral no mesmo sentido;1;0;0;1;0;0;0;0;0;0;2;1;0;0;0
11/02/2022;19:38:00;59;Com vítima;67,000;BR-392/RS;Decrescente;Colisão transversal;2;0;0;0;0;0;0;0;0;0;1;1;1;0;0
11/02/2022;22:30:00;63;Com vítima;99,000;BR-392/RS;Decrescente;Tombamento;0;0;0;0;0;1;0;0;0;0;0;1;0;0;0
13/02/2022;15:45:00;43;Sem vítima;513,800;BR-116/RS;Decrescente;Colisão transversal;1;1;0;0;0;0;0;0;0;0;2;0;0;0;0
14/02/2022;05:43:00;6;Com vítima;462,100;BR-116/RS;Decrescente;Atropelamento de animal;1;0;0;0;0;0;0;0;0;0;0;0;1;0;0
16/02/2022;01:13:00;3;Com vítima;87,700;BR-392/RS;Crescente;Saída de pista;0;0;0;0;0;1;0;0;0;0;0;1;0;0;0
20/02/2022;03:44:00;5;Com vítima;523,600;BR-116/RS;Decrescente;Capotamento;1;0;0;0;0;0;0;0;0;0;0;1;0;0;0
20/02/2022;17:26:00;52;Com vítima;36,400;BR-392/RS;Crescente;Saída de pista;1;0;0;0;0;0;0;0;0;0;2;0;2;0;0
24/02/2022;07:30:00;18;Com vítima;20,100;BR-392/RS;Decrescente;Colisão lateral no mesmo sentido;0;0;1;1;0;0;0;0;0;0;1;0;0;1;0
25/02/2022;07:06:00;13;Com vítima;73,400;BR-392/RS;Crescente;Colisão traseira;0;0;1;1;0;0;0;0;0;0;1;1;0;0;0
25/02/2022;21:53:00;95;Com vítima;436,900;BR-116/RS;Decrescente;Saída de pista;1;0;0;0;0;0;0;0;0;0;1;1;0;0;0
26/02/2022;02:19:00;6;Sem vítima;18,400;BR-392/RS;Crescente;Atropelamento de animal;1;0;0;0;0;0;0;0;0;0;1;0;0;0;0
26/02/2022;14:40:00;56;Com vítima;37,700;BR-392/RS;Decrescente;Saída de pista;1;0;0;0;0;0;0;0;0;0;0;2;0;0;0
01/03/2022;09:56:00;16;Com vítima;28,100;BR-392/RS;Crescente;Colisão traseira;1;0;0;0;0;0;0;0;0;0;2;1;0;0;0
05/03/2022;11:55:00;17;Com vítima;636,000;BR-116/RS;Crescente;Saída de pista;0;0;0;1;0;0;0;0;0;0;0;1;0;0;0
06/03/2022;04:08:00;6;Com vítima;2,600;BR-392/RS;Crescente;Colisão traseira;1;0;0;0;0;1;0;0;0;0;1;2;0;0;0
06/03/2022;06:04:00;11;Sem vítima;655,200;BR-116/RS;Crescente;Colisão frontal;2;0;0;0;0;0;0;0;0;0;2;0;0;0;0
06/03/2022;20:17:00;50;Com vítima;479,900;BR-116/RS;Decrescente;Saída de pista;0;0;0;0;0;1;0;0;0;0;0;0;1;0;0
07/03/2022;17:33:00;56;Com vítima;408,400;BR-116/RS;Crescente;Colisão frontal;2;0;0;0;0;0;0;0;0;0;0;0;0;5;1
10/03/2022;05:44:00;8;Com vítima;614,300;BR-116/RS;Crescente;Colisão traseira;0;0;0;1;1;0;0;0;0;0;9;1;0;0;0
10/03/2022;07:46:00;11;Com vítima;452,200;BR-116/RS;Decrescente;Colisão traseira;1;0;0;0;0;1;0;0;0;0;0;1;0;1;0
10/03/2022;23:18:00;69;Sem vítima;87,000;BR-392/RS;Decrescente;Saída de pista;0;0;0;0;0;1;0;0;0;0;1;0;0;0;0
11/03/2022;15:59:00;38;Com vítima;90,450;BR-392/RS;Crescente;Saída de pista;0;0;0;1;0;0;0;0;0;0;0;0;1;0;0
13/03/2022;07:59:00;14;Com vítima;524,800;BR-116/RS;Decrescente;Colisão lateral no mesmo sentido;0;0;0;1;0;1;0;0;0;0;1;0;1;0;0
13/03/2022;13:19:00;29;Com vítima;118,500;BR-392/RS;Decrescente;Saída de pista;1;0;0;0;0;0;0;0;0;0;0;2;0;0;0
13/03/2022;16:13:00;37;Sem vítima;520,600;BR-116/RS;Crescente;Saída de pista;1;0;0;0;0;0;0;0;0;0;2;0;0;0;0
14/03/2022;03:12:00;4;Com vítima;438,700;BR-116/RS;Decrescente;Saída de pista;1;0;0;0;0;0;0;0;0;0;0;1;0;0;0
14/03/2022;07:20:00;10;Com vítima;526,000;BR-116/RS;Decrescente;Colisão transversal;0;0;1;1;0;0;0;0;0;0;1;0;1;0;0
15/03/2022;07:34:00;12;Com vítima;99,400;BR-392/RS;Crescente;Colisão lateral em sentido contrário;1;0;0;1;0;0;0;0;0;0;2;0;1;0;0
17/03/2022;16:28:00;53;Com vítima;526,000;BR-116/RS;Crescente;Colisão transversal;0;0;0;1;0;0;0;0;0;1;2;0;1;0;0
18/03/2022;03:32:00;6;Com vítima;36,000;BR-392/RS;Decrescente;Saída de pista;1;0;0;0;0;0;0;0;0;0;0;0;1;1;2
18/03/2022;17:39:00;61;Com vítima;12,800;BR-392/RS;Crescente;Colisão lateral no mesmo sentido;0;0;0;1;0;1;0;0;0;0;1;0;1;0;0
21/03/2022;20:07:00;64;Com vítima;488,000;BR-116/RS;Decrescente;Queda de moto;0;0;0;1;0;0;0;0;0;0;0;0;1;0;0
21/03/2022;22:50:00;75;Com vítima;430,000;BR-116/RS;Crescente;Colisão lateral em sentido contrário;0;0;0;0;0;2;0;0;0;0;1;1;0;0;0
22/03/2022;07:48:00;7;Com vítima;427,900;BR-116/RS;Crescente;Saída de pista;0;0;0;0;0;1;0;0;0;0;0;1;0;0;0
23/03/2022;04:09:00;3;Com vítima;462,100;BR-116/RS;Crescente;Capotamento;1;0;0;0;0;0;0;0;0;0;0;1;0;0;0
23/03/2022;15:07:00;41;Com vítima;18,200;BR-392/RS;Crescente;Colisão lateral no mesmo sentido;0;0;1;1;0;0;0;0;0;0;3;0;0;1;1
26/03/2022;02:13:00;5;Sem vítima;510,000;BR-116/RS;Crescente;Saída de pista;1;0;0;0;0;0;0;0;0;0;1;0;0;0;0
27/03/2022;17:11:00;67;Sem vítima;45,800;BR-392/RS;Crescente;Queda de moto;0;0;0;1;0;0;0;0;0;0;2;0;0;0;0
27/03/2022;19:17:00;73;Com vítima;72,200;BR-392/RS;Crescente;Colisão transversal;1;0;0;0;0;0;0;0;0;0;0;2;0;0;0
29/03/2022;18:57:00;81;Com vítima;614,400;BR-116/RS;Crescente;Atropelamento de pedestre;0;0;0;1;0;0;0;0;0;0;0;1;0;1;0
31/03/2022;05:22:00;4;Sem vítima;524,300;BR-116/RS;Crescente;Colisão transversal;1;0;0;0;0;1;0;0;0;0;2;0;0;0;0
31/03/2022;07:22:00;7;Com vítima;517,800;BR-116/RS;Crescente;Colisão traseira;1;0;0;0;0;1;0;0;0;0;1;1;2;0;0
31/03/2022;19:59:00;59;Com vítima;468,000;BR-116/RS;Crescente;Atropelamento de animal;1;0;0;0;0;0;0;0;0;0;2;2;1;0;0
01/04/2022;14:07:00;35;Com vítima;524,800;BR-116/RS;Crescente;Choque;1;0;0;0;0;0;0;0;0;0;0;1;0;0;0
02/04/2022;00:04:00;1;Com vítima;447,000;BR-116/RS;Crescente;Saída de pista;0;0;1;0;0;0;0;0;0;0;0;1;0;0;0
02/04/2022;13:30:00;40;Com vítima;525,000;BR-116/RS;Decrescente;Acidentes de outra natureza;1;1;0;0;0;0;0;0;0;0;1;0;1;0;0
04/04/2022;13:44:00;38;Sem vítima;132,000;BR-392/RS;Crescente;Saída de pista;0;0;0;0;0;1;0;0;0;0;1;0;0;0;0
06/04/2022;16:56:00;70;Com vítima;125,000;BR-392/RS;Decrescente;Colisão transversal;1;0;0;1;0;0;0;0;0;0;2;1;0;0;0
06/04/2022;20:09:00;79;Com vítima;620,400;BR-116/RS;Crescente;Colisão traseira;0;0;1;0;0;0;0;0;0;1;0;8;0;0;0
06/04/2022;21:14:00;84;Sem vítima;109,000;BR-392/RS;Crescente;Colisão transversal;2;0;0;0;0;0;0;0;0;0;2;0;0;0;0
07/04/2022;12:29:00;40;Com vítima;403,300;BR-116/RS;Crescente;Atropelamento de animal;1;0;0;0;0;1;0;0;0;0;1;0;0;1;0
10/04/2022;07:56:00;10;Com vítima;12,500;BR-392/RS;Crescente;Saída de pista;1;0;0;0;0;0;0;0;0;0;1;1;0;0;0
10/04/2022;17:24:00;40;Com vítima;62,000;BR-392/RS;Decrescente;Saída de pista;0;0;0;1;0;0;0;0;0;0;0;0;1;0;0
13/04/2022;06:55:00;14;Com vítima;125,400;BR-392/RS;Crescente;Saída de pista;1;0;0;0;0;0;0;0;0;0;0;0;0;0;1
13/04/2022;14:51:00;47;Com vítima;121,000;BR-392/RS;Crescente;Colisão lateral em sentido contrário;1;0;0;0;0;1;0;0;0;0;1;0;1;0;0
16/04/2022;00:52:00;1;Sem vítima;516,800;BR-116/RS;Decrescente;Choque;1;0;0;0;0;0;0;0;0;0;1;0;0;0;0
19/04/2022;18:51:00;52;Com vítima;530,800;BR-116/RS;Decrescente;Atropelamento de pedestre;0;0;0;1;0;0;0;0;0;0;1;1;0;0;0
22/04/2022;18:29:00;63;Com vítima;122,200;BR-392/RS;Decrescente;Colisão transversal;2;0;0;0;0;0;0;0;0;0;0;6;1;0;0
22/04/2022;18:33:00;64;Com vítima;19,400;BR-392/RS;Decrescente;Colisão transversal;1;0;0;0;0;1;0;0;0;0;0;2;1;0;0
22/04/2022;23:18:00;84;Sem vítima;519,100;BR-116/RS;Crescente;Saída de pista;1;0;0;0;0;0;0;0;0;0;1;0;0;0;0
24/04/2022;11:23:00;22;Sem vítima;28,200;BR-392/RS;Decrescente;Colisão traseira;2;0;0;0;0;0;0;0;0;0;3;0;0;0;0
24/04/2022;18:57:00;50;Com vítima;27,700;BR-392/RS;Crescente;Atropelamento de pedestre;0;0;0;1;0;0;0;0;0;0;0;1;0;1;0
25/04/2022;16:08:00;52;Com vítima;518,800;BR-116/RS;Decrescente;Choque;1;0;0;0;0;0;0;0;0;0;0;0;1;0;0
25/04/2022;17:58:00;60;Com vítima;90,300;BR-392/RS;Crescente;Saída de pista;1;0;0;0;0;0;0;0;0;0;0;0;0;0;2
26/04/2022;08:19:00;12;Com vítima;430,800;BR-116/RS;Crescente;Colisão lateral no mesmo sentido;0;0;0;1;1;0;0;0;0;0;1;0;1;0;0
28/04/2022;21:52:00;56;Com vítima;68,400;BR-392/RS;Decrescente;Colisão traseira;2;0;0;0;0;0;0;0;0;0;0;0;2;0;0
30/04/2022;14:15:00;40;Com vítima;427,000;BR-116/RS;Crescente;Colisão transversal;1;0;0;1;0;0;0;0;0;0;1;0;1;0;0
01/05/2022;01:51:00;3;Com vítima;573,900;BR-116/RS;Decrescente;Atropelamento de animal;1;0;0;0;0;0;0;0;0;0;1;0;1;0;0
01/05/2022;19:05:00;53;Com vítima;19,500;BR-392/RS;Decrescente;Atropelamento de pedestre;1;0;0;0;0;0;0;0;0;0;5;0;0;0;1
05/05/2022;16:23:00;40;Com vítima;4,800;BR-392/RS;Crescente;Atropelamento de animal;1;1;0;0;0;0;0;0;0;0;1;1;0;0;0
06/05/2022;15:43:00;47;Com vítima;400,600;BR-116/RS;Decrescente;Tombamento;0;0;0;0;0;1;0;0;0;0;0;1;0;0;0
06/05/2022;22:40:00;77;Com vítima;113,500;BR-392/RS;Decrescente;Saída de pista;1;0;0;0;0;0;0;0;0;0;0;0;1;0;0
07/05/2022;09:31:00;21;Com vítima;530,100;BR-116/RS;Decrescente;Colisão transversal;1;0;0;1;0;0;0;0;0;0;1;1;0;0;0
07/05/2022;19:32:00;52;Com vítima;7,900;BR-392/RS;Crescente;Colisão transversal;2;0;0;0;0;0;0;0;0;0;1;1;0;0;0
08/05/2022;17:44:00;52;Sem vítima;38,600;BR-392/RS;Crescente;Atropelamento de animal;0;0;0;1;0;0;0;0;0;0;1;0;0;0;0
09/05/2022;17:44:00;54;Com vítima;533,000;BR-116/RS;Crescente;Colisão traseira;1;0;0;1;0;0;0;0;0;0;2;0;1;0;0
09/05/2022;21:49:00;70;Com vítima;72,300;BR-392/RS;Decrescente;Colisão transversal;1;0;0;0;0;1;0;0;0;0;1;0;2;0;0
10/05/2022;16:57:00;48;Com vítima;516,100;BR-116/RS;Crescente;Queda de moto;0;0;0;1;0;0;0;0;0;0;0;0;2;0;0
10/05/2022;19:23:00;52;Com vítima;525,900;BR-116/RS;Decrescente;Colisão transversal;0;1;0;0;0;1;0;0;0;0;1;0;1;0;0
12/05/2022;15:43:00;42;Com vítima;67,000;BR-392/RS;Crescente;Colisão transversal;1;0;0;1;0;0;0;0;0;0;1;0;2;0;0
12/05/2022;19:01:00;55;Com vítima;522,000;BR-116/RS;Decrescente;Colisão frontal;0;1;0;0;0;0;0;0;0;0;0;0;2;0;0
13/05/2022;06:23:00;12;Sem vítima;61,000;BR-392/RS;Decrescente;Atropelamento de animal;0;0;0;1;0;0;0;0;0;0;1;0;0;0;0
13/05/2022;07:32:00;13;Com vítima;11,900;BR-392/RS;Decrescente;Engavetamento;2;0;0;2;0;0;0;0;0;0;2;0;2;0;0
13/05/2022;07:59:00;14;Com vítima;517,000;BR-116/RS;Crescente;Colisão transversal;1;0;0;1;0;0;0;0;0;0;1;1;0;0;0
13/05/2022;08:04:00;16;Com vítima;465,000;BR-116/RS;Crescente;Colisão traseira;1;0;0;1;0;0;0;0;0;0;1;0;1;0;0
13/05/2022;08:04:00;17;Com vítima;529,300;BR-116/RS;Crescente;Queda de moto;0;0;0;1;0;0;0;0;0;0;0;0;1;0;0
15/05/2022;18:45:00;56;Com vítima;473,500;BR-116/RS;Crescente;Atropelamento de animal;2;0;1;0;0;0;0;0;0;0;2;0;1;0;0
18/05/2022;18:42:00;56;Sem vítima;530,800;BR-116/RS;Decrescente;Colisão transversal;2;0;0;0;0;0;0;0;0;0;2;0;0;0;0
20/05/2022;10:55:00;38;Com vítima;120,700;BR-392/RS;Decrescente;Colisão transversal;1;0;1;0;0;0;0;0;0;0;3;1;0;0;0
20/05/2022;14:08:00;49;Com vítima;489,000;BR-116/RS;Decrescente;Saída de pista;0;0;1;0;0;0;0;0;0;0;0;0;1;0;0
20/05/2022;18:34:00;70;Com vítima;7,200;BR-392/RS;Decrescente;Colisão transversal;0;0;0;1;0;1;0;0;0;0;1;0;0;0;1
21/05/2022;05:52:00;9;Sem vítima;34,000;BR-392/RS;Crescente;Choque;1;0;0;0;0;0;0;0;0;0;2;0;0;0;0
21/05/2022;06:15:00;10;Sem vítima;120,000;BR-392/RS;Decrescente;Colisão transversal;1;0;0;0;0;0;0;0;0;0;2;0;0;0;0
22/05/2022;00:48:00;1;Sem vítima;118,000;BR-392/RS;Crescente;Saída de pista;1;0;0;0;0;0;0;0;0;0;2;0;0;0;0
23/05/2022;07:32:00;17;Com vítima;154,500;BR-392/RS;Crescente;Saída de pista;1;0;0;0;0;0;0;0;0;0;0;0;1;0;0
24/05/2022;07:51:00;8;Com vítima;4,800;BR-392/RS;Decrescente;Colisão traseira;1;0;0;1;0;0;0;0;0;0;1;1;0;0;0
24/05/2022;09:16:00;18;Com vítima;8,900;BR-392/RS;Decrescente;Queda de moto;0;0;0;1;0;0;0;0;0;0;0;1;0;0;0
25/05/2022;01:08:00;3;Com vítima;514,700;BR-116/RS;Crescente;Saída de pista;1;0;0;0;0;0;0;0;0;0;0;0;1;0;0
25/05/2022;09:02:00;23;Com vítima;3,000;BR-392/RS;Crescente;Queda de moto;0;0;0;1;0;0;0;0;0;0;1;1;0;0;0
25/05/2022;20:04:00;77;Com vítima;154,300;BR-392/RS;Crescente;Capotamento;1;0;0;0;0;0;0;0;0;0;1;2;0;0;0
25/05/2022;20:18:00;78;Com vítima;154,400;BR-392/RS;Crescente;Colisão transversal;0;0;0;0;0;3;0;0;0;0;2;0;0;1;0
25/05/2022;20:22:00;79;Com vítima;67,000;BR-392/RS;Crescente;Colisão transversal;1;0;0;1;0;0;0;0;0;0;1;1;0;0;0
25/05/2022;22:53:00;82;Sem vítima;113,600;BR-392/RS;Decrescente;Queda de moto;0;0;0;1;0;0;0;0;0;0;1;0;0;0;0
28/05/2022;20:48:00;55;Sem vítima;640,500;BR-116/RS;Crescente;Saída de pista;1;0;0;0;0;0;0;0;0;0;1;0;0;0;0
29/05/2022;03:08:00;3;Sem vítima;417,800;BR-116/RS;Decrescente;Saída de pista;1;0;0;0;0;0;0;0;0;0;1;0;0;0;0
30/05/2022;07:09:00;9;Com vítima;465,000;BR-116/RS;Crescente;Colisão transversal;1;0;0;0;0;0;0;0;0;0;3;1;0;0;0
31/05/2022;12:55:00;40;Com vítima;67,000;BR-392/RS;Decrescente;Colisão transversal;0;0;0;1;0;1;0;0;0;0;1;1;0;0;0
02/06/2022;12:33:00;53;Com vítima;583,000;BR-116/RS;Decrescente;Saída de pista;0;0;0;0;0;1;0;0;0;0;0;0;1;0;0
03/06/2022;06:46:00;8;Com vítima;519,000;BR-116/RS;Decrescente;Queda de moto;0;0;0;1;0;0;0;0;0;0;0;0;1;0;0
05/06/2022;07:58:00;10;Com vítima;452,500;BR-116/RS;Decrescente;Saída de pista;1;0;0;0;0;0;0;0;0;0;0;0;1;0;0
05/06/2022;18:37:00;50;Com vítima;40,000;BR-392/RS;Crescente;Colisão traseira;2;0;0;0;0;0;0;0;0;0;2;0;1;0;0
05/06/2022;22:10:00;60;Com vítima;656,100;BR-116/RS;Decrescente;Colisão transversal;2;0;0;0;0;0;0;0;0;0;1;3;0;0;0
06/06/2022;22:26:00;60;Sem vítima;88,300;BR-392/RS;Crescente;Saída de pista;1;0;0;0;0;0;0;0;0;0;2;0;0;0;0
08/06/2022;07:14:00;4;Com vítima;521,000;BR-116/RS;Decrescente;Colisão transversal;1;1;0;0;0;0;0;0;0;0;1;1;0;0;0
10/06/2022;14:00:00;36;Com vítima;563,000;BR-116/RS;Decrescente;Colisão transversal;1;0;1;0;0;0;0;0;0;0;2;0;1;0;0
11/06/2022;15:16:00;38;Com vítima;115,000;BR-392/RS;Decrescente;Saída de pista;0;0;0;1;0;0;0;0;0;0;0;0;0;0;1
11/06/2022;21:24:00;59;Com vítima;58,700;BR-392/RS;Decrescente;Saída de pista;0;0;0;0;0;1;0;0;0;0;0;1;0;0;0
12/06/2022;19:21:00;39;Com vítima;102,000;BR-392/RS;Crescente;Saída de pista;0;0;0;0;0;1;0;0;0;0;0;1;0;0;0
14/06/2022;23:37:00;88;Sem vítima;510,000;BR-116/RS;Decrescente;Colisão lateral no mesmo sentido;0;0;0;1;0;1;0;0;0;0;3;0;0;0;0
15/06/2022;07:32:00;9;Com vítima;528,500;BR-116/RS;Decrescente;Colisão transversal;0;0;1;1;0;0;0;0;0;0;1;0;0;1;0
15/06/2022;13:17:00;44;Com vítima;476,000;BR-116/RS;Decrescente;Colisão frontal;1;0;0;0;0;1;0;0;0;0;1;0;0;1;0
15/06/2022;17:45:00;60;Sem vítima;492,300;BR-116/RS;Crescente;Colisão lateral no mesmo sentido;1;0;0;0;1;0;0;0;0;0;2;0;0;0;0
17/06/2022;04:17:00;7;Sem vítima;78,800;BR-392/RS;Crescente;Saída de pista;1;0;0;0;0;0;0;0;0;0;1;0;0;0;0
17/06/2022;06:49:00;11;Com vítima;525,000;BR-116/RS;Decrescente;Colisão traseira;1;0;0;1;0;0;0;0;0;0;1;1;0;0;0
18/06/2022;09:49:00;30;Sem vítima;524,000;BR-116/RS;Decrescente;Colisão lateral no mesmo sentido;1;0;0;0;0;1;0;0;0;0;3;0;0;0;0
19/06/2022;07:20:00;8;Sem vítima;531,900;BR-116/RS;Crescente;Saída de pista;1;0;0;0;0;0;0;0;0;0;1;0;0;0;0
20/06/2022;15:06:00;49;Com vítima;514,100;BR-116/RS;Decrescente;Queda de moto;0;0;0;1;0;0;0;0;0;0;0;1;0;0;0
01/11/2021;04:43:00;18;Sem vítima;9,500;BR-364/MG;Crescente;Capotamento;1;0;0;0;0;0;0;0;0;0;2;0;0;0;0